"Address","City","State","Price","Date","Beds","Baths","Sqft","URL"
"36923 N 31st Ave","Phoenix","AZ","1150000","6/30/2025","4","3","3952","https://www.redfin.com/AZ/Phoenix/36923-N-31st-Ave-85086/home/27440080"
"56 W Windsor Ave","Phoenix","AZ","1130500","6/30/2025","4","2","2343","https://www.redfin.com/AZ/Phoenix/56-W-Windsor-Ave-85003/home/28127631"
"3243 E Weldon Ave","Phoenix","AZ","949000","6/25/2025","3","2","1841","https://www.redfin.com/AZ/Phoenix/3243-E-Weldon-Ave-85018/home/27813431"
"4311 E Roma Ave","Phoenix","AZ","885000","7/1/2025","4","2","1622","https://www.redfin.com/AZ/Phoenix/4311-E-Roma-Ave-85018/home/28403256"
"4515 N 35th St","Phoenix","AZ","850000","6/24/2025","4","2","2360","https://www.redfin.com/AZ/Phoenix/4515-N-35th-St-85018/home/196048629"
"21 W Cochise Dr","Phoenix","AZ","825000","6/26/2025","3","2","1630","https://www.redfin.com/AZ/Phoenix/21-W-Cochise-Dr-85021/home/27468990"
"2409 W Red Range Way","Phoenix","AZ","600000","7/2/2025","3","2","2376","https://www.redfin.com/AZ/Phoenix/2409-W-Red-Range-Way-85085/home/26923058"
"3377 W Grandview Rd","Phoenix","AZ","560000","6/26/2025","4","3","2053","https://www.redfin.com/AZ/Phoenix/3377-W-Grandview-Rd-85053/home/27621851"
"1819 E Sheena Dr","Phoenix","AZ","515000","6/25/2025","3","2","1851","https://www.redfin.com/AZ/Phoenix/1819-E-Sheena-Dr-85022/home/27569620"
"2925 W Highland Ave","Phoenix","AZ","360000","6/25/2025","4","3","1684","https://www.redfin.com/AZ/Phoenix/2925-W-Highland-Ave-85017/home/28266684"
"1066 E Pueblo Rd #2066","Phoenix","AZ","359000","6/23/2025","","2","1330","https://www.redfin.com/AZ/Phoenix/1066-E-Pueblo-Rd-85020/unit-2066/home/27792435"
"3032 N 32nd St #61","Phoenix","AZ","300000","6/24/2025","2","1","912","https://www.redfin.com/AZ/Phoenix/3032-N-32nd-St-85018/unit-61/home/27494324"
"2009 W Willow Ave","Phoenix","AZ","278000","6/26/2025","","3","1369","https://www.redfin.com/AZ/Phoenix/2009-W-Willow-Ave-85029/home/28005351"
"4441 N 101st Ave","Phoenix","AZ","272500","6/25/2025","","2","1288","https://www.redfin.com/AZ/Phoenix/4441-N-101st-Ave-85037/home/27485391"
"4503 E Riverside St","Phoenix","AZ","215000","6/23/2025","","1","924","https://www.redfin.com/AZ/Phoenix/4503-E-Riverside-St-85040/home/28387453"
"6711 W Osborn Rd #68","Phoenix","AZ","210000","6/25/2025","","1","840","https://www.redfin.com/AZ/Phoenix/6711-W-Osborn-Rd-85033/unit-68/home/27896458"
"2367 W Hazelwood St","Phoenix","AZ","170000","6/23/2025","","2","1302","https://www.redfin.com/AZ/Phoenix/2367-W-Hazelwood-St-85015/home/28203153"
"4240 N Longview Ave Unit A17","Phoenix","AZ","134500","6/23/2025","","1","636","https://www.redfin.com/AZ/Phoenix/4240-N-Longview-Ave-85014/unit-A17/home/27839773"