# Miami, FL Baseline Calculation Summary
# Generated: 2025-06-25T06:44:58.200Z
# Baseline Period: 90 days
# Total Sales Found: 349
# Sales Used for Baseline: 342
# Outliers Removed: 7
# Calculated Baseline: $582,500
# Price Range (after outliers): $118,000 - $4,050,000
# Median Calculation: Average of middle two values ($580,000 + $585,000) ÷ 2
#
address,price,beds,baths,sqft,lastSoldDate,included_in_baseline,url
"23100 SW 123rd Ave",50000,2,1,837,"2025-05-12T07:00:00Z","NO (outlier)","https://www.redfin.com/FL/Miami/23100-SW-123rd-Ave-33170/home/43231384"
"5296 NW 4th St",75000,4,2,1643,"2025-06-20T07:00:00Z","NO (outlier)","https://www.redfin.com/FL/Miami/5296-NW-4th-St-33126/home/42740729"
"7738 NW 15th Ave",110000,0,0,0,"2025-03-28T07:00:00Z","NO (outlier)","https://www.redfin.com/FL/Miami/7738-NW-15th-Ave-33147/home/43039160"
"1021 NW 3rd St #301",118000,1,1,465,"2025-04-01T07:00:00Z","YES","https://www.redfin.com/FL/Miami/1021-NW-3rd-St-33128/unit-301/home/43445507"
"14214 NE 2nd Ct Unit 4B",120000,2,2,1182,"2025-06-05T07:00:00Z","YES","https://www.redfin.com/FL/Miami/14214-NE-2nd-Ct-33161/unit-4B/home/42998448"
"15720 SW 101st Ave",121200,3,1,1058,"2025-04-02T07:00:00Z","YES","https://www.redfin.com/FL/Miami/15720-SW-101st-Ave-33157/home/43460387"
"1680 NE 191st St #209",130000,2,2,1315,"2025-05-13T07:00:00Z","YES","https://www.redfin.com/FL/Miami/1680-NE-191st-St-33179/unit-209/home/43012384"
"15600 NW 7th Ave #811",135000,1,1,840,"2025-04-11T07:00:00Z","YES","https://www.redfin.com/FL/Miami/15600-NW-7th-Ave-33169/unit-811/home/42987758"
"1501 NE 150th St #104",142500,2,1,1085,"2025-05-01T07:00:00Z","YES","https://www.redfin.com/FL/Miami/1501-NE-150th-St-33161/unit-104/home/43011558"
"14712 SW 169th Ln",152100,3,2,1807,"2025-05-14T07:00:00Z","YES","https://www.redfin.com/FL/Miami/14712-SW-169th-Ln-33187/home/43209029"
"142 SW 18th Ave #25",170000,1,1,577,"2025-04-28T07:00:00Z","YES","https://www.redfin.com/FL/Miami/142-SW-18th-Ave-33135/unit-25/home/43301240"
"11111 Biscayne Blvd Unit 7H",180000,1,1,861,"2025-04-10T07:00:00Z","YES","https://www.redfin.com/FL/Miami/11111-Biscayne-Blvd-33181/unit-7H/home/43020068"
"7801 NE 4th Ct #103",185000,1,1.5,746,"2025-04-14T07:00:00Z","YES","https://www.redfin.com/FL/Miami/7801-NE-4th-Ct-33138/unit-103/home/42717296"
"801 NW 47th Ave Unit W315",185000,1,1,598,"2025-05-14T07:00:00Z","YES","https://www.redfin.com/FL/Miami/801-NW-47th-Ave-33126/unit-W315/home/43320784"
"479 NE 210th Circle Ter #203",187500,2,2,1060,"2025-03-28T07:00:00Z","YES","https://www.redfin.com/FL/Miami/479-NE-210th-Circle-Ter-33179/unit-203/home/42958295"
"5199 NW 7th St Apt 417e",195000,1,1,756,"2025-05-29T07:00:00Z","YES","https://www.redfin.com/FL/Miami/5199-NW-7th-St-33126/unit-417E/home/42707566"
"1152 NW 123rd Ct #412",200000,3,2.5,1240,"2025-06-11T07:00:00Z","YES","https://www.redfin.com/FL/Miami/1152-NW-123rd-Ct-33182/unit-412/home/43045664"
"8002 SW 149th Ave Unit B114",210000,2,2,866,"2025-04-15T07:00:00Z","YES","https://www.redfin.com/FL/Miami/8002-SW-149th-Ave-33193/unit-B114/home/43137818"
"935 NE 199th St #205",215000,2,2,907,"2025-05-05T07:00:00Z","YES","https://www.redfin.com/FL/Miami/935-NE-199th-St-33179/unit-205/home/43375745"
"2960 NW 67th St",216100,2,1,798,"2025-05-29T07:00:00Z","YES","https://www.redfin.com/FL/Miami/2960-NW-67th-St-33147/home/43039658"
"1540 NE 191st St #344",220000,2,2,1040,"2025-04-10T07:00:00Z","YES","https://www.redfin.com/FL/Miami/1540-NE-191st-St-33179/unit-344/home/43007773"
"2600 NW 23rd Ct #207",220000,2,1,754,"2025-04-30T07:00:00Z","YES","https://www.redfin.com/FL/Miami/2600-NW-23rd-Ct-33142/unit-207/home/43441747"
"20725 NE 8th Ct #204",225000,2,2,956,"2025-05-01T07:00:00Z","YES","https://www.redfin.com/FL/Miami/20725-NE-8th-Ct-33179/unit-204/home/42949964"
"852 NE 209 St Unit 101-38",230000,3,2,0,"2025-03-27T07:00:00Z","YES","https://www.redfin.com/FL/Miami/852-NE-209th-St-33179/unit-101/home/42955616"
"6886 N Kendall Dr Unit D309",235000,1,1.5,904,"2025-04-03T07:00:00Z","YES","https://www.redfin.com/FL/Pinecrest/6886-N-Kendall-Dr-33156/unit-D309/home/42916643"
"341 NW 84th St",240000,4,3,1660,"2025-04-11T07:00:00Z","YES","https://www.redfin.com/FL/Miami/341-NW-84th-St-33150/home/194184353"
"8660 NW 6th Ln Unit 5-214",240000,1,1,676,"2025-03-28T07:00:00Z","YES","https://www.redfin.com/FL/Miami/8660-NW-6th-Ln-33126/unit-5-214/home/43322053"
"1670 NE 191st St #114",245000,2,2,1674,"2025-05-07T07:00:00Z","YES","https://www.redfin.com/FL/Miami/1670-NE-191st-St-33179/unit-114/home/43422765"
"15461 SW 110th Ter",247000,3,2,1492,"2025-05-22T07:00:00Z","YES","https://www.redfin.com/FL/Miami/15461-SW-110th-Ter-33196/home/43190580"
"13884 SW 90th Ave Unit 213HH",250000,1,1,758,"2025-04-25T07:00:00Z","YES","https://www.redfin.com/FL/Miami/13884-SW-90th-Ave-33176/unit-213HH/home/43358370"
"8000 SW 81st Dr #404",250000,1,1,710,"2025-04-07T07:00:00Z","YES","https://www.redfin.com/FL/Miami/8000-SW-81st-Dr-33143/unit-404/home/43095903"
"2726 NW 100th St",250000,2,1,1918,"2025-05-30T07:00:00Z","YES","https://www.redfin.com/FL/Miami/2726-NW-100th-St-33147/home/43026460"
"7722 Camino Real Unit E219",255000,1,1,712,"2025-05-19T07:00:00Z","YES","https://www.redfin.com/FL/Miami/7722-Camino-Real-33143/unit-E219/home/43104701"
"15455 SW 80th St Unit 202-1",255000,2,2,862,"2025-04-16T07:00:00Z","YES","https://www.redfin.com/FL/Miami/15455-SW-80th-St-33193/unit-202-1/home/194829688"
"14310 SW 105th Ter",260000,3,2,2347,"2025-04-22T07:00:00Z","YES","https://www.redfin.com/FL/Miami/14310-SW-105th-Ter-33186/home/43192039"
"5077 Nw NW 7th St #1016",260000,1,1,685,"2025-04-15T07:00:00Z","YES","https://www.redfin.com/FL/Miami/5077-NW-7th-St-33126/unit-1016/home/43336264"
"1753 SW 13th St #1",270000,2,1,609,"2025-06-10T07:00:00Z","YES","https://www.redfin.com/FL/Miami/1753-SW-13th-St-33145/unit-1/home/43402855"
"555 NE 15th St Unit 10J",275000,1,1.5,840,"2025-06-11T07:00:00Z","YES","https://www.redfin.com/FL/Miami/555-NE-15th-St-33132/unit-10J/home/42734557"
"511 Ives Dairy Rd Unit 102-6",275000,2,2,1428,"2025-04-15T07:00:00Z","YES","https://www.redfin.com/FL/Miami/511-Ives-Dairy-Rd-33179/unit-102-6/home/194639551"
"10815 SW 112th Ave #208",275000,2,2,927,"2025-06-06T07:00:00Z","YES","https://www.redfin.com/FL/Miami/10815-SW-112th-Ave-33176/unit-208/home/43155583"
"1706 SW 136th Pl",280000,3,2,1826,"2025-05-06T07:00:00Z","YES","https://www.redfin.com/FL/Miami/1706-SW-136th-Pl-33175/home/43440602"
"1955 NW 53rd St",280000,2,1,930,"2025-04-23T07:00:00Z","YES","https://www.redfin.com/FL/Miami/1955-NW-53rd-St-33142/home/43037358"
"2941 NW 69th Ter",285000,2,1.5,1218,"2025-05-12T07:00:00Z","YES","https://www.redfin.com/FL/Miami/2941-NW-69th-Ter-33147/home/43040162"
"6216 SW 131st Pl #203",289000,2,2,820,"2025-05-12T07:00:00Z","YES","https://www.redfin.com/FL/Miami/6216-SW-131st-Pl-33183/unit-203/home/43461668"
"2415 NW 16th St Rd Unit 312-1",289000,2,2,793,"2025-06-13T07:00:00Z","YES","https://www.redfin.com/FL/Miami/2415-NW-16th-Street-Rd-33125/unit-312-1/home/195316624"
"14951 SW 82nd Ln Unit 17-502",290000,2,2,912,"2025-04-22T07:00:00Z","YES","https://www.redfin.com/FL/Miami/14951-SW-82nd-Ln-33193/unit-17-502/home/43326784"
"6375 SW 136th Ct Unit 102I",292000,2,2,1030,"2025-05-20T07:00:00Z","YES","https://www.redfin.com/FL/Miami/6375-SW-136th-Ct-33183/unit-102I/home/43132255"
"7378 SW 152 #208",300000,2,3,0,"2025-04-04T07:00:00Z","YES","https://www.redfin.com/FL/Miami/7378-SW-152nd-Ave-33193/unit-208/home/43138816"
"935 NW 66th St",300000,2,1,994,"2025-04-24T07:00:00Z","YES","https://www.redfin.com/FL/Miami/935-NW-66th-St-33150/home/42686226"
"22679 SW 114th Pl",307000,4,2,1250,"2025-06-06T07:00:00Z","YES","https://www.redfin.com/FL/Miami/22679-SW-114th-Pl-33170/home/43221033"
"3185 SW 4th St",307000,0,0,0,"2025-04-30T07:00:00Z","YES","https://www.redfin.com/FL/Miami/3185-SW-4th-St-33135/home/42739221"
"1601 NW 38th St",310000,2,1,796,"2025-05-05T07:00:00Z","YES","https://www.redfin.com/FL/Miami/1601-NW-38th-St-33142/home/42683036"
"249 NW 102nd St",310000,3,2,1498,"2025-04-30T07:00:00Z","YES","https://www.redfin.com/FL/Miami/249-NW-102nd-St-33150/home/43022269"
"13120 SW 92nd Ave Unit B416",314000,2,2,1253,"2025-05-27T07:00:00Z","YES","https://www.redfin.com/FL/Miami/13120-SW-92nd-Ave-33176/unit-B416/home/43358202"
"12753 SW 69th Ter #12753",315000,3,2,1183,"2025-04-11T07:00:00Z","YES","https://www.redfin.com/FL/Miami/12753-SW-69th-Ter-33183/home/43127918"
"1905 SW 107th Ave #1201",320000,2,1.5,828,"2025-04-02T07:00:00Z","YES","https://www.redfin.com/FL/Miami/1905-SW-107th-Ave-33165/unit-1201/home/43062128"
"2345 NW 31st St",320000,2,1,960,"2025-04-29T07:00:00Z","YES","https://www.redfin.com/FL/Miami/2345-NW-31st-St-33142/home/42693459"
"133 NE 2nd Ave #501",320000,1,1,950,"2025-05-28T07:00:00Z","YES","https://www.redfin.com/FL/Miami/133-NE-2nd-Ave-33132/unit-501/home/43389351"
"5249 NW 7th St #418",325000,3,2,1080,"2025-06-20T07:00:00Z","YES","https://www.redfin.com/FL/Miami/5249-NW-7th-St-33126/unit-418/home/43407261"
"9066 SW 73rd Ct #1502",327500,1,1,797,"2025-05-15T07:00:00Z","YES","https://www.redfin.com/FL/Miami/9066-SW-73rd-Ct-33156/unit-1502/home/43357078"
"3301 NW 7th Ave",330000,0,0,0,"2025-04-07T07:00:00Z","YES","https://www.redfin.com/FL/Miami/3301-NW-7th-Ave-33127/home/168000155"
"7515 SW 153rd Ct",330000,2,2,917,"2025-05-15T07:00:00Z","YES","https://www.redfin.com/FL/Miami/7515-SW-153rd-Ct-33193/home/195472946"
"715 NW 136th St",335000,3,1,1318,"2025-04-08T07:00:00Z","YES","https://www.redfin.com/FL/Miami/715-NW-136th-St-33168/home/42996447"
"300 S Biscayne Blvd Unit T2711",337000,1,1,540,"2025-05-21T07:00:00Z","YES","https://www.redfin.com/FL/Miami/300-S-Biscayne-Blvd-33131/unit-T2711/home/43442833"
"11214 SW 203rd St",338000,3,1,1080,"2025-03-31T07:00:00Z","YES","https://www.redfin.com/FL/Miami/11214-SW-203rd-St-33189/home/43218082"
"14911 SW 80th St #103",340000,2,2,900,"2025-05-22T07:00:00Z","YES","https://www.redfin.com/FL/Miami/14911-SW-80th-St-33193/unit-103/home/43137991"
"555 NE 15th St Unit 15J",345000,1,1,840,"2025-04-11T07:00:00Z","YES","https://www.redfin.com/FL/Miami/555-NE-15th-St-33132/unit-15J/home/42726050"
"9354 SW 77th Ave Unit I5",345000,2,2,1178,"2025-05-29T07:00:00Z","YES","https://www.redfin.com/FL/Miami/9354-SW-77th-Ave-33156/unit-I5/home/43147389"
"11272 SW 189th Ln",349000,2,1,885,"2025-05-07T07:00:00Z","YES","https://www.redfin.com/FL/Miami/11272-SW-189th-Ln-33157/home/43219068"
"6235 SW Kendale Lakes Cir #144",350000,3,2,1090,"2025-05-29T07:00:00Z","YES","https://www.redfin.com/FL/Miami/6235-SW-Kendale-Lakes-Cir-33183/unit-144/home/43136369"
"15000 Monroe St",350000,3,2,1525,"2025-05-07T07:00:00Z","YES","https://www.redfin.com/FL/Miami/15000-Monroe-St-33176/home/43159111"
"7925 SW 104th St Unit 101E",350000,3,2,1269,"2025-05-30T07:00:00Z","YES","https://www.redfin.com/FL/Miami/7925-SW-104th-St-33156/unit-101E/home/43326528"
"427 NW 82nd Ter",350000,4,1,1280,"2025-06-03T07:00:00Z","YES","https://www.redfin.com/FL/Miami/427-NW-82nd-Ter-33150/home/43041518"
"816 NW 11th St #1009",355000,2,2,891,"2025-05-30T07:00:00Z","YES","https://www.redfin.com/FL/Miami/816-NW-11th-St-33136/unit-1009/home/43316452"
"17525 SW 104th Ave",355000,0,0,1000,"2025-03-31T07:00:00Z","YES","https://www.redfin.com/FL/Miami/17525-SW-104th-Ave-33157/home/43172033"
"3720 NW 2nd Ter",355000,4,3,1134,"2025-05-29T07:00:00Z","YES","https://www.redfin.com/FL/Miami/3720-NW-2nd-Ter-33126/home/42741746"
"11501 SW 145th Ave",359000,3,2,1676,"2025-04-21T07:00:00Z","YES","https://www.redfin.com/FL/Miami/11501-SW-145th-Ave-33186/home/43189906"
"8925 NW 35th Ct",360000,2,1,856,"2025-04-28T07:00:00Z","YES","https://www.redfin.com/FL/Miami/8925-NW-35th-Ct-33147/home/43036458"
"282 NW 98th St",368000,2,1,754,"2025-03-31T07:00:00Z","YES","https://www.redfin.com/FL/Miami/282-NW-98th-St-33150/home/43032076"
"335 S Biscayne Blvd #1906",370000,0,1,507,"2025-05-09T07:00:00Z","YES","https://www.redfin.com/FL/Miami/335-S-Biscayne-Blvd-33131/unit-1906/home/43372770"
"941 NW 76th St",370000,2,1,988,"2025-06-17T07:00:00Z","YES","https://www.redfin.com/FL/Miami/941-NW-76th-St-33150/home/43033069"
"9650 Fontainebleau Blvd #4",370000,3,2.5,1770,"2025-05-20T07:00:00Z","YES","https://www.redfin.com/FL/Miami/9650-Fontainebleau-Blvd-33172/unit-4/home/43050219"
"1901 NW South River Dr Unit 18B",380000,2,1,1000,"2025-03-27T07:00:00Z","YES","https://www.redfin.com/FL/Miami/1901-NW-South-River-Dr-33125/unit-18B/home/42723726"
"117 NW 42nd Ave #900",380000,2,2,942,"2025-05-29T07:00:00Z","YES","https://www.redfin.com/FL/Miami/117-NW-42nd-Ave-33126/unit-900/home/43368312"
"9360 SW 87th Ave Unit N18",380000,2,2,939,"2025-05-23T07:00:00Z","YES","https://www.redfin.com/FL/Miami/9360-SW-87th-Ave-33176/unit-N18/home/43153055"
"17360 SW 139th Ct",380000,3,2,1270,"2025-04-04T07:00:00Z","YES","https://www.redfin.com/FL/Miami/17360-SW-139th-Ct-33177/home/43210534"
"1655 NE 115th St Unit B44",385000,2,2,1285,"2025-05-19T07:00:00Z","YES","https://www.redfin.com/FL/Miami/1655-NE-115th-St-33181/unit-B44/home/43020452"
"13104 SW 50 Ln",389000,3,1,1015,"2025-04-04T07:00:00Z","YES","https://www.redfin.com/FL/Miami/13104-SW-50th-Ln-33175/home/43129272"
"1110 NW 140th St",399000,3,2,1162,"2025-04-14T07:00:00Z","YES","https://www.redfin.com/FL/Miami/1110-NW-140th-St-33168/home/42998296"
"8370 NW 10th St Unit 11A",399000,2,2.5,1090,"2025-04-04T07:00:00Z","YES","https://www.redfin.com/FL/Miami/8370-NW-10th-St-33126/unit-11A/home/43025275"
"13225 SW 58th Ter #17",400000,3,2,1190,"2025-04-07T07:00:00Z","YES","https://www.redfin.com/FL/Miami/13225-SW-58th-Ter-33183/unit-17/home/43129647"
"15041 SW 149th St",400000,3,2,2153,"2025-05-12T07:00:00Z","YES","https://www.redfin.com/FL/Miami/15041-SW-149th-St-33196/home/43189700"
"110 NE 68th St",401000,3,2,1320,"2025-05-19T07:00:00Z","YES","https://www.redfin.com/FL/Miami/110-NE-68th-St-33138/home/42680639"
"11615 SW 136th Ter",405000,4,1.5,1144,"2025-06-03T07:00:00Z","YES","https://www.redfin.com/FL/Miami/11615-SW-136th-Ter-33176/home/43159911"
"200 SE 15th Rd Unit 7H",415000,1,1,612,"2025-04-23T07:00:00Z","YES","https://www.redfin.com/FL/Miami/200-SE-15th-Rd-33129/unit-7H/home/42764980"
"1913 SW 129th Ct",415000,2,1,980,"2025-06-10T07:00:00Z","YES","https://www.redfin.com/FL/Miami/1913-SW-129th-Ct-33175/home/43109412"
"3840 NW 12th Ter",420000,3,2,1099,"2025-05-22T07:00:00Z","YES","https://www.redfin.com/FL/Miami/3840-NW-12th-Ter-33126/home/42716263"
"13913 SW 174th St",420000,3,2,1270,"2025-03-28T07:00:00Z","YES","https://www.redfin.com/FL/Miami/13913-SW-174th-St-33177/home/43207054"
"14615 SW 143 Place Cir #14615",420000,2,2,1449,"2025-05-12T07:00:00Z","YES","https://www.redfin.com/FL/Miami/14615-SW-143rd-Place-Cir-33186/home/43197127"
"3035 NW 44th St",420000,3,1,780,"2025-05-19T07:00:00Z","YES","https://www.redfin.com/FL/Miami/3035-NW-44th-St-33142/home/43042407"
"5250 NW 4th St",420000,3,1,1192,"2025-04-30T07:00:00Z","YES","https://www.redfin.com/FL/Miami/5250-NW-4th-St-33126/home/42740727"
"14409 SW 143rd Ct",430000,2,2,1449,"2025-05-02T07:00:00Z","YES","https://www.redfin.com/FL/Miami/14409-SW-143rd-Ct-33186/home/43198181"
"1930 NW 132nd St",430500,3,2,1385,"2025-05-14T07:00:00Z","YES","https://www.redfin.com/FL/Miami/1930-NW-132nd-St-33167/home/42993010"
"1776 NW 44th St",436100,2,1,1414,"2025-05-07T07:00:00Z","YES","https://www.redfin.com/FL/Miami/1776-NW-44th-St-33142/home/42681132"
"820 NW 50th St",440000,3,2,1376,"2025-05-16T07:00:00Z","YES","https://www.redfin.com/FL/Miami/820-NW-50th-St-33127/home/42690130"
"119 SW 32nd Ave",440000,4,3,2408,"2025-05-12T07:00:00Z","YES","https://www.redfin.com/FL/Miami/119-SW-32nd-Ave-33135/home/42739729"
"8858 W Flagler St #206",440000,3,2.5,1420,"2025-05-09T07:00:00Z","YES","https://www.redfin.com/FL/Miami/8858-W-Flagler-St-33174/unit-206/home/43274433"
"374 NE 208th Ter",445000,3,3,1320,"2025-04-03T07:00:00Z","YES","https://www.redfin.com/FL/Miami/374-NE-208th-Ter-33179/home/171025690"
"10960 SW 182nd Ln #10960",446500,3,2,1308,"2025-05-23T07:00:00Z","YES","https://www.redfin.com/FL/Miami/10960-SW-182nd-Ln-33157/unit-10960/home/110398297"
"10325 NW 9th Street Cir #3",449900,2,2,1245,"2025-04-10T07:00:00Z","YES","https://www.redfin.com/FL/Miami/10325-NW-9th-Street-Cir-33172/unit-3/home/43028025"
"12100 SW 191st Ter",450000,4,2,1272,"2025-04-23T07:00:00Z","YES","https://www.redfin.com/FL/Miami/12100-SW-191st-Ter-33177/home/43225112"
"10804 SW 72 St #115",460000,4,3,1569,"2025-05-01T07:00:00Z","YES","https://www.redfin.com/FL/Miami/10804-SW-72nd-St-33173/unit-115/home/43086394"
"2560 NW 55th Ter",460000,3,2,808,"2025-04-07T07:00:00Z","YES","https://www.redfin.com/FL/Miami/2560-NW-55th-Ter-33142/home/43038957"
"12724 SW 68th Ln",465000,2,2,1089,"2025-04-15T07:00:00Z","YES","https://www.redfin.com/FL/Miami/12724-SW-68th-Ln-33183/home/43127929"
"1600 SW 1st Ave #402",469000,2,2,973,"2025-06-05T07:00:00Z","YES","https://www.redfin.com/FL/Miami/1600-SW-1st-Ave-33129/unit-402/home/56742375"
"10745 SW 222nd St",469900,4,3,1412,"2025-06-16T07:00:00Z","YES","https://www.redfin.com/FL/Miami/10745-SW-222nd-St-33170/home/43226268"
"1955 NW 51st Ter",470000,4,2,1268,"2025-04-09T07:00:00Z","YES","https://www.redfin.com/FL/Miami/1955-NW-51st-Ter-33142/home/43044917"
"10350 SW 176th St",470000,3,2,1217,"2025-05-13T07:00:00Z","YES","https://www.redfin.com/FL/Miami/10350-SW-176th-St-33157/home/43175101"
"1325 NW 51st St",471000,3,2,1020,"2025-06-02T07:00:00Z","YES","https://www.redfin.com/FL/Miami/1325-NW-51st-St-33142/home/42689362"
"366 NE 195th St",485000,3,2.5,1875,"2025-05-14T07:00:00Z","YES","https://www.redfin.com/FL/Miami/366-NE-195th-St-33179/home/43012618"
"4254 SW 129th Ave",495000,3,1,1015,"2025-05-20T07:00:00Z","YES","https://www.redfin.com/FL/Miami/4254-SW-129th-Ave-33175/home/43129402"
"13525 SW 8th Ln",495000,3,2,1357,"2025-05-23T07:00:00Z","YES","https://www.redfin.com/FL/Miami/13525-SW-8th-Ln-33184/home/43106130"
"11213 SW 125th Ct",497000,3,2,1225,"2025-05-05T07:00:00Z","YES","https://www.redfin.com/FL/Miami/11213-SW-125th-Ct-33186/home/43195799"
"1300 S Miami Ave #2507",499000,1,1,570,"2025-04-18T07:00:00Z","YES","https://www.redfin.com/FL/Miami/1300-S-Miami-Ave-33130/unit-2507/home/56742848"
"11311 SW 160 Th Ct",499000,3,2,1023,"2025-04-21T07:00:00Z","YES","https://www.redfin.com/FL/Miami/11311-SW-160th-Ct-33196/home/43183835"
"2889 McFarlane Rd #1405",500000,1,2,767,"2025-05-19T07:00:00Z","YES","https://www.redfin.com/FL/Miami/2889-McFarlane-Rd-33133/unit-1405/home/43266481"
"3023 NW 62nd St",500000,0,0,0,"2025-05-21T07:00:00Z","YES","https://www.redfin.com/FL/Miami/3023-NW-62nd-St-33147/home/171226508"
"9601 SW 45th St",500000,2,1,1300,"2025-04-11T07:00:00Z","YES","https://www.redfin.com/FL/Miami/9601-SW-45th-St-33165/home/43082640"
"16222 SW 58th Ter",500000,3,2,1224,"2025-04-10T07:00:00Z","YES","https://www.redfin.com/FL/Miami/16222-SW-58th-Ter-33193/home/43283470"
"10935 SW 174th Ter",500000,6,4,2322,"2025-06-06T07:00:00Z","YES","https://www.redfin.com/FL/Miami/10935-SW-174th-Ter-33157/home/43173917"
"7928 SW 165th Ct",500000,3,2.5,1770,"2025-04-21T07:00:00Z","YES","https://www.redfin.com/FL/Miami/7928-SW-165th-Ct-33193/home/43292805"
"11923 SW 11th Ter Unit D-2",500000,3,2,1721,"2025-06-16T07:00:00Z","YES","https://www.redfin.com/FL/Miami/11923-SW-11th-Ter-33184/unit-D2/home/43108545"
"1740 NW 86th Ter",500000,3,2,1118,"2025-05-20T07:00:00Z","YES","https://www.redfin.com/FL/Miami/1740-NW-86th-Ter-33147/home/43036079"
"781 NW 36th Ave",500000,3,1,948,"2025-05-01T07:00:00Z","YES","https://www.redfin.com/FL/Miami/781-NW-36th-Ave-33125/home/42710116"
"11872 SW 196th Ter",505000,3,2,1820,"2025-05-14T07:00:00Z","YES","https://www.redfin.com/FL/Miami/11872-SW-196th-Ter-33177/home/43224994"
"1558 NW 68th St",509000,3,2,0,"2025-04-29T07:00:00Z","YES","https://www.redfin.com/FL/Miami/1558-NW-68th-St-33147/home/167997045"
"2924 NW 94th St",510000,0,11706,1944,"2025-05-05T07:00:00Z","YES","https://www.redfin.com/FL/Miami/2924-NW-94th-St-33147/home/43032374"
"2934 NW 94th St",510000,0,11740,1944,"2025-05-02T07:00:00Z","YES","https://www.redfin.com/FL/Miami/2934-NW-94th-St-33147/home/43032375"
"7346 SW 162nd Pl",510000,3,2.5,1667,"2025-05-29T07:00:00Z","YES","https://www.redfin.com/FL/Miami/7346-SW-162nd-Pl-33193/home/43136679"
"8440 SW 27th Ter",515000,3,1,1183,"2025-05-19T07:00:00Z","YES","https://www.redfin.com/FL/Miami/8440-SW-27th-Ter-33155/home/43072661"
"9000 NW 32nd Ave",517000,5,3,1140,"2025-05-27T07:00:00Z","YES","https://www.redfin.com/FL/Miami/9000-NW-32nd-Ave-33147/home/43035148"
"60 SW 13th St #4614",518600,1,1,721,"2025-05-07T07:00:00Z","YES","https://www.redfin.com/FL/Miami/60-SW-13th-St-33130/unit-4614/home/43413409"
"22504 SW 114th Pl",520000,4,2,1200,"2025-04-18T07:00:00Z","YES","https://www.redfin.com/FL/Miami/22504-SW-114th-Pl-33170/home/43436384"
"5743 SW 148th Ct",525000,3,2,1827,"2025-04-10T07:00:00Z","YES","https://www.redfin.com/FL/Miami/5743-SW-148th-Ct-33193/home/43138621"
"11046 SW 139th Pl",525000,4,2,2393,"2025-04-10T07:00:00Z","YES","https://www.redfin.com/FL/Miami/11046-SW-139th-Pl-33186/home/43191880"
"17740 SW 146th Ct",525000,3,2,1249,"2025-04-21T07:00:00Z","YES","https://www.redfin.com/FL/Miami/17740-SW-146th-Ct-33177/home/43201060"
"2889 McFarlane Rd #1913",530000,1,1,628,"2025-05-19T07:00:00Z","YES","https://www.redfin.com/FL/Miami/2889-McFarlane-Rd-33133/unit-1913/home/43274497"
"12991 SW 135th St",535000,3,2.5,1758,"2025-06-16T07:00:00Z","YES","https://www.redfin.com/FL/Miami/12991-SW-135th-St-33186/home/43343582"
"1600 NE 1st Ave #2007",535000,2,2,880,"2025-05-23T07:00:00Z","YES","https://www.redfin.com/FL/Miami/1600-NE-1st-Ave-33132/unit-2007/home/168005385"
"17834 SW 144th Ct",537000,3,2,1236,"2025-05-05T07:00:00Z","YES","https://www.redfin.com/FL/Miami/17834-SW-144th-Ct-33177/home/43210326"
"690 SW 1st Ct #9",539000,0,2,1255,"2025-04-28T07:00:00Z","YES","https://www.redfin.com/FL/Miami/690-SW-1st-Ct-33130/unit-9/home/43368284"
"12642 NW 7th Ln",540000,4,3,1824,"2025-05-06T07:00:00Z","YES","https://www.redfin.com/FL/Miami/12642-NW-7th-Ln-33182/home/43047233"
"13324 SW 112th Ct",540000,5,3,1849,"2025-03-31T07:00:00Z","YES","https://www.redfin.com/FL/Miami/13324-SW-112th-Ct-33176/home/43159612"
"2333 Brickell Ave #509",545000,1,1,930,"2025-05-06T07:00:00Z","YES","https://www.redfin.com/FL/Miami/2333-Brickell-Ave-33129/unit-509/home/42758792"
"511 NW 44th St",550000,2,1,1189,"2025-04-21T07:00:00Z","YES","https://www.redfin.com/FL/Miami/511-NW-44th-St-33127/home/43409847"
"2889 McFarlane Rd #1014",550000,1,1,693,"2025-05-19T07:00:00Z","YES","https://www.redfin.com/FL/Miami/2889-McFarlane-Rd-33133/unit-1014/home/43275994"
"330 SW 78th Ave",550000,3,1,1404,"2025-05-02T07:00:00Z","YES","https://www.redfin.com/FL/Miami/330-SW-78th-Ave-33144/home/43045882"
"2889 McFarlane Rd #1911",550000,1,2,686,"2025-05-19T07:00:00Z","YES","https://www.redfin.com/FL/Miami/2889-McFarlane-Rd-33133/unit-1911/home/43272011"
"1302 SW 138th Pl",554000,3,2,1453,"2025-04-23T07:00:00Z","YES","https://www.redfin.com/FL/Miami/1302-SW-138th-Pl-33184/home/43109636"
"6371 SW 34th St",555000,2,1,895,"2025-04-15T07:00:00Z","YES","https://www.redfin.com/FL/Miami/6371-SW-34th-St-33155/home/43424085"
"11810 SW 171st Ter",556000,3,2,1424,"2025-03-28T07:00:00Z","YES","https://www.redfin.com/FL/Miami/11810-SW-171st-Ter-33177/home/43211158"
"335 NW 100th St",560000,4,2,1596,"2025-04-07T07:00:00Z","YES","https://www.redfin.com/FL/Miami/335-NW-100th-St-33150/home/43423540"
"1800 N Bayshore Dr #3311",560000,1,1.5,1095,"2025-04-28T07:00:00Z","YES","https://www.redfin.com/FL/Miami/1800-N-Bayshore-Dr-33132/unit-3311/home/43389667"
"10855 SW 145th Ct",560000,3,2,1423,"2025-05-20T07:00:00Z","YES","https://www.redfin.com/FL/Miami/10855-SW-145th-Ct-33186/home/43190703"
"18254 SW 143rd Pl",564000,3,2,1169,"2025-04-07T07:00:00Z","YES","https://www.redfin.com/FL/Miami/18254-SW-143rd-Pl-33177/home/43210655"
"20512 SW 117th Ct",565000,4,2,1604,"2025-04-18T07:00:00Z","YES","https://www.redfin.com/FL/Miami/20512-SW-117th-Ct-33177/home/43228319"
"5410 SW 7th St",565000,3,2,1476,"2025-04-29T07:00:00Z","YES","https://www.redfin.com/FL/Coral-Gables/5410-SW-7th-St-33134/home/42742651"
"11624 SW 135th Ln",565000,4,2,1414,"2025-05-23T07:00:00Z","YES","https://www.redfin.com/FL/Miami/11624-SW-135th-Ln-33176/home/43159961"
"9420 SW 170th Psge",575000,5,4,2312,"2025-05-30T07:00:00Z","YES","https://www.redfin.com/FL/Miami/9420-SW-170th-Psge-33196/home/55258345"
"16901 SW 108th Ave",578000,4,2,1616,"2025-04-01T07:00:00Z","YES","https://www.redfin.com/FL/Miami/16901-SW-108th-Ave-33157/home/43172875"
"955 SW 154th Path",580000,3,2,1900,"2025-04-28T07:00:00Z","YES","https://www.redfin.com/FL/Miami/955-SW-154th-Path-33194/home/43315059"
"2145 NW 133rd St",580000,3,2,2143,"2025-05-08T07:00:00Z","YES","https://www.redfin.com/FL/Miami/2145-NW-133rd-St-33167/home/43004948"
"338 NW 51st St",580000,2,1,923,"2025-06-03T07:00:00Z","YES","https://www.redfin.com/FL/Miami/338-NW-51st-St-33127/home/42689696"
"12273 SW 27th St",580000,3,2,1476,"2025-05-15T07:00:00Z","YES","https://www.redfin.com/FL/Miami/12273-SW-27th-St-33175/home/43106826"
"20927 SW 124th Avenue Rd",585000,3,2,1350,"2025-03-31T07:00:00Z","YES","https://www.redfin.com/FL/Miami/20927-SW-124th-Avenue-Rd-33177/home/43223824"
"8514 SW 163rd Pl",590000,3,3,1574,"2025-04-16T07:00:00Z","YES","https://www.redfin.com/FL/Miami/8514-SW-163rd-Pl-33193/home/43137954"
"11276 SW 159th Ave",595000,4,3,2124,"2025-05-30T07:00:00Z","YES","https://www.redfin.com/FL/Miami/11276-SW-159th-Ave-33196/home/43180416"
"11490 W Golf Dr",599500,4,2,1490,"2025-04-07T07:00:00Z","YES","https://www.redfin.com/FL/Miami/11490-W-Golf-Dr-33167/home/113396892"
"5700 SW 112th Ct",599999,3,2,1471,"2025-04-18T07:00:00Z","YES","https://www.redfin.com/FL/Miami/5700-SW-112th-Ct-33173/home/43090284"
"12274 SW 144th Ter",600000,4,2.5,0,"2025-06-17T07:00:00Z","YES","https://www.redfin.com/FL/Miami/12274-SW-144th-Ter-33186/home/194886615"
"14819 SW 60th St",600000,3,2,1395,"2025-06-16T07:00:00Z","YES","https://www.redfin.com/FL/Miami/14819-SW-60th-St-33193/home/43133303"
"8564 SW 114th Ct #8564",600000,3,2,1580,"2025-04-17T07:00:00Z","YES","https://www.redfin.com/FL/Miami/8564-SW-114th-Ct-33173/home/43093785"
"11646 SW 91st Ter",609000,3,2,1890,"2025-05-07T07:00:00Z","YES","https://www.redfin.com/FL/Miami/11646-SW-91st-Ter-33176/home/43153966"
"22550 SW 124 Ct Unit B",609990,5,3,2518,"2025-03-27T07:00:00Z","YES","https://www.redfin.com/FL/Goulds/22550-SW-124th-Ct-33170/unit-B/home/194463771"
"11345 SW 152nd Ter",610000,3,2,1791,"2025-04-24T07:00:00Z","YES","https://www.redfin.com/FL/Miami/11345-SW-152nd-Ter-33157/home/43171535"
"16323 SW 57th St",610000,4,2,1577,"2025-04-16T07:00:00Z","YES","https://www.redfin.com/FL/Miami/16323-SW-57th-St-33193/home/43273545"
"9652 SW 164th Ct",610000,3,2.5,1528,"2025-06-02T07:00:00Z","YES","https://www.redfin.com/FL/Miami/9652-SW-164th-Ct-33196/home/43429146"
"2739 SW 131st Pl",615000,3,2,1528,"2025-06-18T07:00:00Z","YES","https://www.redfin.com/FL/Miami/2739-SW-131st-Pl-33175/home/43113752"
"265 NW 64th Ct",618000,3,2,1277,"2025-05-30T07:00:00Z","YES","https://www.redfin.com/FL/Miami/265-NW-64th-Ct-33126/home/42731828"
"4584 SW 127th Pl",620000,3,1,1296,"2025-04-17T07:00:00Z","YES","https://www.redfin.com/FL/Miami/4584-SW-127th-Pl-33175/home/43124331"
"403 NW 49th St",625000,2,1,850,"2025-05-05T07:00:00Z","YES","https://www.redfin.com/FL/Miami/403-NW-49th-St-33127/home/43449335"
"5331 SW 1st St",625000,4,2.5,1624,"2025-04-17T07:00:00Z","YES","https://www.redfin.com/FL/Coral-Gables/5331-SW-1st-St-33134/home/42741285"
"1625 NW 147th St Dr",625000,4,2,1632,"2025-05-09T07:00:00Z","YES","https://www.redfin.com/FL/Miami/1625-NW-147th-Street-Dr-33167/home/43000392"
"11783 SW 92nd Ter",625000,3,2.5,1721,"2025-04-29T07:00:00Z","YES","https://www.redfin.com/FL/Miami/11783-SW-92nd-Ter-33186/home/43169733"
"11259 SW 4th St",630000,5,3,1875,"2025-03-27T07:00:00Z","YES","https://www.redfin.com/FL/Miami/11259-SW-4th-St-33174/home/42929561"
"7425 SW 108th Ave",630000,3,2.5,1733,"2025-06-11T07:00:00Z","YES","https://www.redfin.com/FL/Miami/7425-SW-108th-Ave-33173/home/43094107"
"5490 SW 57th Ave",630000,2,2,901,"2025-06-11T07:00:00Z","YES","https://www.redfin.com/FL/Miami/5490-SW-57th-Ave-33155/home/43088014"
"7435 SW 34th Ter",635000,4,3,1750,"2025-04-15T07:00:00Z","YES","https://www.redfin.com/FL/Miami/7435-SW-34th-Ter-33155/home/43068588"
"22514 SW 124 Ct Unit A",639990,5,4,2502,"2025-05-21T07:00:00Z","YES","https://www.redfin.com/FL/Goulds/22514-SW-124th-Ct-33170/unit-A/home/194463907"
"1300 Brickell Bay Dr #2404",640000,1,1,701,"2025-06-02T07:00:00Z","YES","https://www.redfin.com/FL/Miami/1300-Brickell-Bay-Dr-33131/unit-2404/home/55272885"
"13540 SW 180th Ter",640000,3,2,1836,"2025-04-03T07:00:00Z","YES","https://www.redfin.com/FL/Miami/13540-SW-180th-Ter-33177/home/43466916"
"5491 SW 90th Ct",640000,3,2,1189,"2025-04-30T07:00:00Z","YES","https://www.redfin.com/FL/Miami/5491-SW-90th-Ct-33165/home/43083638"
"960 NW 50th St",640000,3,2,1368,"2025-03-31T07:00:00Z","YES","https://www.redfin.com/FL/Miami/960-NW-50th-St-33127/home/42682638"
"1437 NW 30th St",644000,5,4,1748,"2025-04-17T07:00:00Z","YES","https://www.redfin.com/FL/Miami/1437-NW-30th-St-33142/home/42685827"
"4925 SW 143rd Ave",645000,3,2,1603,"2025-04-30T07:00:00Z","YES","https://www.redfin.com/FL/Miami/4925-SW-143rd-Ave-33175/home/43115744"
"1431 NE 201st Ter",645200,3,2,2384,"2025-05-06T07:00:00Z","YES","https://www.redfin.com/FL/Miami/1431-NE-201st-Ter-33179/home/43466003"
"22541 SW 125 Ave Unit B",649990,5,3,0,"2025-06-20T07:00:00Z","YES","https://www.redfin.com/FL/Goulds/22541-SW-125th-Ave-33170/unit-B/home/194475777"
"237 SW 13th St #202",650000,1,1,740,"2025-05-02T07:00:00Z","YES","https://www.redfin.com/FL/Miami/237-SW-13th-St-33130/unit-202/home/42761017"
"535 SW 91st Pl",650000,4,3.5,1857,"2025-06-02T07:00:00Z","YES","https://www.redfin.com/FL/Miami/535-SW-91st-Pl-33174/home/145576896"
"9281 SW 136th St Cir",650000,2,2,1578,"2025-04-14T07:00:00Z","YES","https://www.redfin.com/FL/Miami/9281-SW-136th-Street-Cir-33176/home/43156096"
"14069 SW 160 Ct",650000,3,2,1488,"2025-04-09T07:00:00Z","YES","https://www.redfin.com/FL/Miami/14069-SW-160th-Ct-33196/home/43263854"
"4345 SW 112th Ave",650000,3,2,1334,"2025-05-05T07:00:00Z","YES","https://www.redfin.com/FL/Miami/4345-SW-112th-Ave-33165/home/43077527"
"4249 SW 147th Ct",650500,3,3.5,1406,"2025-05-19T07:00:00Z","YES","https://www.redfin.com/FL/Miami/4249-SW-147th-Ct-33185/home/43121796"
"15386 SW 115th Ter",651000,3,2,1688,"2025-03-31T07:00:00Z","YES","https://www.redfin.com/FL/Miami/15386-SW-115th-Ter-33196/home/43189690"
"19663 SW 119th Ct",655000,3,2,1593,"2025-05-06T07:00:00Z","YES","https://www.redfin.com/FL/Miami/19663-SW-119th-Ct-33177/home/43224997"
"2929 NW 22nd Ct",660000,9,6,1880,"2025-05-07T07:00:00Z","YES","https://www.redfin.com/FL/Miami/2929-NW-22nd-Ct-33142/home/42691919"
"7815 SW 127th Ct",669000,3,2,1612,"2025-04-24T07:00:00Z","YES","https://www.redfin.com/FL/Miami/7815-SW-127th-Ct-33183/home/43137674"
"14026 SW 155th Ct",670000,4,3,2032,"2025-06-06T07:00:00Z","YES","https://www.redfin.com/FL/Miami/14026-SW-155th-Ct-33196/home/43199888"
"11255 E Golf Dr",670000,4,3,2200,"2025-06-13T07:00:00Z","YES","https://www.redfin.com/FL/Miami/11255-E-Golf-Dr-33167/home/168146363"
"475 Brickell Ave #3813",675000,2,2,1012,"2025-05-02T07:00:00Z","YES","https://www.redfin.com/FL/Miami/475-Brickell-Ave-33131/unit-3813/home/42675989"
"3265 Virginia St #13",677600,2,1,681,"2025-05-19T07:00:00Z","YES","https://www.redfin.com/FL/Miami/3265-Virginia-St-33133/unit-13/home/43293091"
"13607 SW 114th Ln",685000,3,2,1666,"2025-05-05T07:00:00Z","YES","https://www.redfin.com/FL/Miami/13607-SW-114th-Ln-33186/home/43188063"
"9855 SW 82nd Ter",687500,4,2,1460,"2025-04-24T07:00:00Z","YES","https://www.redfin.com/FL/Miami/9855-SW-82nd-Ter-33173/home/43085494"
"2401 NW 32nd St",690000,10,6,2054,"2025-06-10T07:00:00Z","YES","https://www.redfin.com/FL/Miami/2401-NW-32nd-St-33142/home/42693381"
"7902 NE 8th Ct",700000,3,2,1220,"2025-05-13T07:00:00Z","YES","https://www.redfin.com/FL/Miami/7902-NE-8th-Ct-33138/home/43409258"
"237 SW 13th St #208",700000,1,1,740,"2025-04-24T07:00:00Z","YES","https://www.redfin.com/FL/Miami/237-SW-13th-St-33130/unit-208/home/42763007"
"10220 SW 141st St",700000,4,2.5,2836,"2025-05-14T07:00:00Z","YES","https://www.redfin.com/FL/Miami/10220-SW-141st-St-33176/home/43163435"
"2270 SW 23rd Ter",700000,2,2,1262,"2025-05-16T07:00:00Z","YES","https://www.redfin.com/FL/Miami/2270-SW-23rd-Ter-33145/home/42752620"
"7831 SW 162nd Ct",704000,4,3,2578,"2025-05-15T07:00:00Z","YES","https://www.redfin.com/FL/Miami/7831-SW-162nd-Ct-33193/home/43140724"
"7885 SW 36th St",705000,3,2,1880,"2025-05-01T07:00:00Z","YES","https://www.redfin.com/FL/Miami/7885-SW-36th-St-33155/home/43069420"
"9936 NW 10th St",705000,3,2,1579,"2025-04-15T07:00:00Z","YES","https://www.redfin.com/FL/Miami/9936-NW-10th-St-33172/home/50121630"
"16617 SW 81st Ter",708000,4,2,2320,"2025-04-11T07:00:00Z","YES","https://www.redfin.com/FL/Miami/16617-SW-81st-Ter-33193/home/43299294"
"405 SW 91st Pl",710000,4,3.5,1948,"2025-04-04T07:00:00Z","YES","https://www.redfin.com/FL/Miami/405-SW-91st-Pl-33174/home/145576869"
"14432 SW 92nd Ter",710000,4,2.5,2358,"2025-06-13T07:00:00Z","YES","https://www.redfin.com/FL/Miami/14432-SW-92nd-Ter-33186/home/43182949"
"14916 SW 139th Pl",710000,4,2,2215,"2025-06-10T07:00:00Z","YES","https://www.redfin.com/FL/Miami/14916-SW-139th-Pl-33186/home/43192343"
"5019 SW 154th Ct",715000,4,2.5,2015,"2025-05-30T07:00:00Z","YES","https://www.redfin.com/FL/Miami/5019-SW-154th-Ct-33185/home/43119859"
"8760 SW 20th St",715000,3,1,1242,"2025-04-25T07:00:00Z","YES","https://www.redfin.com/FL/Miami/8760-SW-20th-St-33165/home/43060415"
"16413 SW 81st Ter",720000,4,3,2080,"2025-04-03T07:00:00Z","YES","https://www.redfin.com/FL/Miami/16413-SW-81st-Ter-33193/home/43308302"
"185 NW 115th St",720000,2,2,1207,"2025-04-22T07:00:00Z","YES","https://www.redfin.com/FL/Miami/185-NW-115th-St-33168/home/43003878"
"88 SW 7th St #3507",725000,1,1.5,997,"2025-04-01T07:00:00Z","YES","https://www.redfin.com/FL/Miami/88-SW-7th-St-33130/unit-3507/home/110142045"
"4904 SW 140th Ct",730000,5,3,1778,"2025-06-13T07:00:00Z","YES","https://www.redfin.com/FL/Miami/4904-SW-140th-Ct-33175/home/43116871"
"1717 N Bayshore Dr Unit A-2650",735000,2,2,1602,"2025-04-02T07:00:00Z","YES","https://www.redfin.com/FL/Miami/1717-N-Bayshore-Dr-33132/unit-A-2650/home/194955880"
"555 NE 30th St #601",735000,2,2,1263,"2025-05-19T07:00:00Z","YES","https://www.redfin.com/FL/Miami/555-NE-30th-St-33137/unit-601/home/42725027"
"1717 N Bayshore Dr Unit A2650",735000,2,2,1602,"2025-04-08T07:00:00Z","YES","https://www.redfin.com/FL/Miami/1717-N-Bayshore-Dr-33132/unit-A2650/home/42727072"
"2342 SW 128th Ave",740000,3,1,2182,"2025-06-04T07:00:00Z","YES","https://www.redfin.com/FL/Miami/2342-SW-128th-Ave-33175/home/43104775"
"166 NW 41st St",750000,4,2,1492,"2025-05-19T07:00:00Z","YES","https://www.redfin.com/FL/Miami/166-NW-41st-St-33127/home/42684634"
"17974 SW 137th Pl",750000,3,2.5,1967,"2025-04-24T07:00:00Z","YES","https://www.redfin.com/FL/Miami/17974-SW-137th-Pl-33177/home/43208910"
"14700 SW 151st Ter",750000,4,2.5,2367,"2025-04-28T07:00:00Z","YES","https://www.redfin.com/FL/Miami/14700-SW-151st-Ter-33196/home/43198024"
"13855 SW 107th Ter",750000,3,2.5,1974,"2025-05-24T07:00:00Z","YES","https://www.redfin.com/FL/Miami/13855-SW-107th-Ter-33186/home/43182235"
"12700 SW 37th St",755000,4,2.5,2398,"2025-04-29T07:00:00Z","YES","https://www.redfin.com/FL/Miami/12700-SW-37th-St-33175/home/43116108"
"2030 SW 37th Ave #704",760000,3,2,1408,"2025-05-02T07:00:00Z","YES","https://www.redfin.com/FL/Coral-Gables/2030-SW-37th-Ave-33134/unit-704/home/43327786"
"21251 SW 187th Ave",760000,4,2,1834,"2025-04-11T07:00:00Z","YES","https://www.redfin.com/FL/Miami/21251-SW-187th-Ave-33187/home/43269680"
"3451 SW 143rd Ct",767500,5,3.5,2174,"2025-04-19T07:00:00Z","YES","https://www.redfin.com/FL/Miami/3451-SW-143rd-Ct-33175/home/43120042"
"15380 SW 21st Ln",774900,4,3,2766,"2025-06-20T07:00:00Z","YES","https://www.redfin.com/FL/Miami/15380-SW-21st-Ln-33185/home/43275166"
"18360 NE 11th Ave",775000,3,3,1718,"2025-04-30T07:00:00Z","YES","https://www.redfin.com/FL/Miami/18360-NE-11th-Ave-33179/home/43009899"
"9111 SW 12th St",780000,4,4,1754,"2025-05-09T07:00:00Z","YES","https://www.redfin.com/FL/Miami/9111-SW-12th-St-33174/home/43062250"
"821 SW 31st Ct",782500,2,1,1100,"2025-05-16T07:00:00Z","YES","https://www.redfin.com/FL/Miami/821-SW-31st-Ct-33135/home/42746127"
"6080 SW 18th St",785000,4,3,1840,"2025-05-29T07:00:00Z","YES","https://www.redfin.com/FL/Miami/6080-SW-18th-St-33155/home/43065789"
"6042 SW 159th Ct",785000,5,3,2595,"2025-04-29T07:00:00Z","YES","https://www.redfin.com/FL/Miami/6042-SW-159th-Ct-33193/home/43292784"
"2261 SW 17th St",787400,4,2,2270,"2025-05-06T07:00:00Z","YES","https://www.redfin.com/FL/Miami/2261-SW-17th-St-33145/home/42749761"
"350 NE 70th St",790000,0,0,0,"2025-04-30T07:00:00Z","YES","https://www.redfin.com/FL/Miami/350-NE-70th-St-33138/home/180398688"
"221, 223 SW 112th Ave",790000,13,13,2413,"2025-04-15T07:00:00Z","YES","https://www.redfin.com/FL/Miami/221-SW-112th-Ave-33174/home/42917902"
"13925 S Biscayne River Rd",795000,3,2,1520,"2025-06-17T07:00:00Z","YES","https://www.redfin.com/FL/Miami/13925-S-Biscayne-River-Rd-33161/home/42991311"
"3124 SW 154th Pl",800000,4,3,2997,"2025-05-15T07:00:00Z","YES","https://www.redfin.com/FL/Miami/3124-SW-154th-Pl-33185/home/43471200"
"186 SE 12th Ter #1207",803000,1,1,730,"2025-05-07T07:00:00Z","YES","https://www.redfin.com/FL/Miami/186-SE-12th-Ter-33131/unit-1207/home/43453792"
"176 NE 43rd St",810000,2,1,1588,"2025-04-23T07:00:00Z","YES","https://www.redfin.com/FL/Miami/176-NE-43rd-St-33137/home/42692044"
"8955 SW 125th Ter",825000,4,2,1408,"2025-04-25T07:00:00Z","YES","https://www.redfin.com/FL/Miami/8955-SW-125th-Ter-33176/home/43151353"
"2159 SW 23rd St",828000,2,1,1480,"2025-04-04T07:00:00Z","YES","https://www.redfin.com/FL/Miami/2159-SW-23rd-St-33145/home/42745550"
"3220 SW 94th Ct",830000,4,3,1839,"2025-04-18T07:00:00Z","YES","https://www.redfin.com/FL/Miami/3220-SW-94th-Ct-33165/home/43072777"
"10541 SW 123rd Ave",835000,4,2,1678,"2025-05-02T07:00:00Z","YES","https://www.redfin.com/FL/Miami/10541-SW-123rd-Ave-33186/home/43184938"
"7501 SW 145th Ave",840000,4,2,2228,"2025-04-21T07:00:00Z","YES","https://www.redfin.com/FL/Miami/7501-SW-145th-Ave-33183/home/43144427"
"11580 SW 112th Avenue Rd",846000,3,2,1528,"2025-05-28T07:00:00Z","YES","https://www.redfin.com/FL/Miami/11580-SW-112th-Avenue-Rd-33176/home/43150979"
"16631 SW 57th St",850000,4,2.5,1997,"2025-03-31T07:00:00Z","YES","https://www.redfin.com/FL/Miami/16631-SW-57th-St-33193/home/43355946"
"12915 SW 81st Ave",850000,3,2,2000,"2025-05-05T07:00:00Z","YES","https://www.redfin.com/FL/Pinecrest/12915-SW-81st-Ave-33156/home/42919636"
"15553 SW 95th St",850000,4,3.5,2062,"2025-04-29T07:00:00Z","YES","https://www.redfin.com/FL/Miami/15553-SW-95th-St-33196/home/43184514"
"1561 SW 23rd Ter",851000,10,6,2140,"2025-04-16T07:00:00Z","YES","https://www.redfin.com/FL/Miami/1561-SW-23rd-Ter-33145/home/42761550"
"1520 NE 108th St",855000,3,2,1734,"2025-04-23T07:00:00Z","YES","https://www.redfin.com/FL/Miami/1520-NE-108th-St-33161/home/43019481"
"1244 SW 14th St",855000,3,3,2196,"2025-04-30T07:00:00Z","YES","https://www.redfin.com/FL/Miami/1244-SW-14th-St-33145/home/42758094"
"11743 SW 102nd Ct",875000,3,2,1524,"2025-05-15T07:00:00Z","YES","https://www.redfin.com/FL/Miami/11743-SW-102nd-Ct-33176/home/43156332"
"12505 SW 99th Ave",890000,4,2,2057,"2025-04-15T07:00:00Z","YES","https://www.redfin.com/FL/Miami/12505-SW-99th-Ave-33176/home/43160130"
"8240 SW 96th St",890000,3,2,1760,"2025-04-09T07:00:00Z","YES","https://www.redfin.com/FL/Miami/8240-SW-96th-St-33156/home/43139527"
"3265 Virginia St #7",891900,2,2,1081,"2025-05-19T07:00:00Z","YES","https://www.redfin.com/FL/Miami/3265-Virginia-St-33133/unit-7/home/43433693"
"2861 SW 150th Ct",900000,4,3.5,2350,"2025-05-19T07:00:00Z","YES","https://www.redfin.com/FL/Miami/2861-SW-150th-Ct-33185/home/170639554"
"15723 SW 60th St",900000,4,3,2630,"2025-05-12T07:00:00Z","YES","https://www.redfin.com/FL/Miami/15723-SW-60th-St-33193/home/43270620"
"8445 SW 110th St",900000,3,2.5,2132,"2025-04-25T07:00:00Z","YES","https://www.redfin.com/FL/Miami/8445-SW-110th-St-33156/home/43147888"
"2755 Coconut Ave #2755",910000,2,2.5,1997,"2025-04-01T07:00:00Z","YES","https://www.redfin.com/FL/Miami/2755-Coconut-Ave-33133/unit-2755/home/43343262"
"3255 William Ave",910000,4,2,1320,"2025-06-13T07:00:00Z","YES","https://www.redfin.com/FL/Miami/3255-William-Ave-33133/home/42755077"
"1001 NE 82nd St",921000,5,5,1950,"2025-04-14T07:00:00Z","YES","https://www.redfin.com/FL/Miami/1001-NE-82nd-St-33138/home/42715244"
"3265 Virginia St #4",950000,2,2,1072,"2025-05-19T07:00:00Z","YES","https://www.redfin.com/FL/Miami/3265-Virginia-St-33133/unit-4/home/43293083"
"3265 Virginia St #3",950000,2,2,1072,"2025-05-19T07:00:00Z","YES","https://www.redfin.com/FL/Miami/3265-Virginia-St-33133/unit-3/home/43310634"
"2273 SW 5 St",960000,6,4,2346,"2025-05-19T07:00:00Z","YES","https://www.redfin.com/FL/Miami/2273-SW-5th-St-33135/home/42735197"
"11345 SW 99th Ct",965500,4,2,2635,"2025-06-17T07:00:00Z","YES","https://www.redfin.com/FL/Miami/11345-SW-99th-Ct-33176/home/43154939"
"14801 SW 136th Pl",974000,4,2,2496,"2025-05-15T07:00:00Z","YES","https://www.redfin.com/FL/Miami/14801-SW-136th-Pl-33186/home/43202137"
"3161 SW 11th St",975000,4,2,2011,"2025-04-29T07:00:00Z","YES","https://www.redfin.com/FL/Miami/3161-SW-11th-St-33135/home/42742073"
"19780 SW 208th St",979999,5,3,2489,"2025-05-30T07:00:00Z","YES","https://www.redfin.com/FL/Miami/19780-SW-208th-St-33187/home/43228258"
"8930 SW 68th St",980000,5,3.5,3149,"2025-04-10T07:00:00Z","YES","https://www.redfin.com/FL/Miami/8930-SW-68th-St-33173/home/43082507"
"426 NW 143rd St",1000000,5,4,3991,"2025-05-06T07:00:00Z","YES","https://www.redfin.com/FL/Miami/426-NW-143rd-St-33168/home/43456118"
"8325 SW 2nd St",1050000,3,3,2472,"2025-05-01T07:00:00Z","YES","https://www.redfin.com/FL/Miami/8325-SW-2nd-St-33144/home/43046063"
"21480 Highland Lakes Blvd",1050000,3,2,1919,"2025-04-15T07:00:00Z","YES","https://www.redfin.com/FL/Miami/21480-Highland-Lakes-Blvd-33179/home/42962576"
"12910 NW 6th Ter",1050000,4,3,2912,"2025-06-11T07:00:00Z","YES","https://www.redfin.com/FL/Miami/12910-NW-6th-Ter-33182/home/43047009"
"7892 SW 101st Ter",1100000,4,4,2500,"2025-05-23T07:00:00Z","YES","https://www.redfin.com/FL/Miami/7892-SW-101st-Ter-33156/home/43142033"
"8220 SW 133rd St",1100000,4,2.5,1727,"2025-04-10T07:00:00Z","YES","https://www.redfin.com/FL/Pinecrest/8220-SW-133rd-St-33156/home/42917464"
"10305 SW 70th St",1125000,4,3,1879,"2025-05-22T07:00:00Z","YES","https://www.redfin.com/FL/Miami/10305-SW-70th-St-33173/home/43090960"
"7020 SW 95th Ct",1130000,4,2.5,2167,"2025-04-14T07:00:00Z","YES","https://www.redfin.com/FL/Miami/7020-SW-95th-Ct-33173/home/43091744"
"10240 SW 134th St",1147500,4,2,2258,"2025-03-28T07:00:00Z","YES","https://www.redfin.com/FL/Miami/10240-SW-134th-St-33176/home/43458438"
"3558 Florida Ave",1150000,3,2,1388,"2025-04-21T07:00:00Z","YES","https://www.redfin.com/FL/Miami/3558-Florida-Ave-33133/home/42759384"
"10880 SW 120th St",1169000,4,3,2054,"2025-04-07T07:00:00Z","YES","https://www.redfin.com/FL/Miami/10880-SW-120th-St-33176/home/43159886"
"900 Biscayne Blvd #5009",1180000,3,3,1579,"2025-05-05T07:00:00Z","YES","https://www.redfin.com/FL/Miami/900-Biscayne-Blvd-33132/unit-5009/home/42676618"
"8120 SW 62nd Pl",1222500,3,2,1590,"2025-05-29T07:00:00Z","YES","https://www.redfin.com/FL/South-Miami/8120-SW-62nd-Pl-33143/home/43101845"
"533 NW 52nd St #533",1230000,4,3,2450,"2025-04-22T07:00:00Z","YES","https://www.redfin.com/FL/Miami/533-NW-52nd-St-33127/unit-533/home/195000118"
"851 NE 1st Ave #1112",1240000,3,4,2172,"2025-05-07T07:00:00Z","YES","https://www.redfin.com/FL/Miami/851-NE-1st-Ave-33132/unit-1112/home/171960633"
"8624 SW 75th St",1250000,4,2,2450,"2025-05-01T07:00:00Z","YES","https://www.redfin.com/FL/Miami/8624-SW-75th-St-33143/home/43098715"
"10220 SW 82nd Ave",1260000,3,3,2052,"2025-04-11T07:00:00Z","YES","https://www.redfin.com/FL/Miami/10220-SW-82nd-Ave-33156/home/43156946"
"900 Biscayne Blvd #3001",1265000,3,3,1694,"2025-05-21T07:00:00Z","YES","https://www.redfin.com/FL/Miami/900-Biscayne-Blvd-33132/unit-3001/home/43410144"
"7501 Miami View Dr",1300000,2,2,1298,"2025-06-18T07:00:00Z","YES","https://www.redfin.com/FL/North-Bay-Village/7501-Miami-View-Dr-33141/home/196092293"
"1377 SW 22nd Ter #1377",1325000,3,3,2276,"2025-05-23T07:00:00Z","YES","https://www.redfin.com/FL/Miami/1377-SW-22nd-Ter-33145/unit-1377/home/176685716"
"10 Aragon Ave #1505",1350000,3,2,1654,"2025-06-02T07:00:00Z","YES","https://www.redfin.com/FL/Coral-Gables/10-Aragon-Ave-33134/unit-1505/home/43333208"
"1880 NE 211th Ter",1380000,4,4.5,2148,"2025-06-16T07:00:00Z","YES","https://www.redfin.com/FL/Miami/1880-NE-211th-Ter-33179/home/42951683"
"10342 SW 141st St",1400000,4,2.5,2904,"2025-05-12T07:00:00Z","YES","https://www.redfin.com/FL/Miami/10342-SW-141st-St-33176/home/43166318"
"450 Beacom Blvd",1450000,12,6,2475,"2025-05-19T07:00:00Z","YES","https://www.redfin.com/FL/Miami/450-Beacom-Blvd-33135/home/42733930"
"25 NW 127th Ave",1450000,6,4,4941,"2025-05-23T07:00:00Z","YES","https://www.redfin.com/FL/Miami/25-NW-127th-Ave-33182/home/43100063"
"3060 New York St #3060",1460000,3,2.5,2134,"2025-06-06T07:00:00Z","YES","https://www.redfin.com/FL/Miami/3060-New-York-St-33133/unit-3060/home/43387828"
"4058 Park Ave",1567406,3,3,2930,"2025-03-31T07:00:00Z","YES","https://www.redfin.com/FL/Miami/4058-Park-Ave-33133/home/42759340"
"501 NE 31st St Ph 4401",1580000,4,4.5,2320,"2025-04-16T07:00:00Z","YES","https://www.redfin.com/FL/Miami/501-NE-31st-St-33137/unit-4401/home/79133784"
"6730 SW 88th Ter",1647500,3,3,2944,"2025-06-03T07:00:00Z","YES","https://www.redfin.com/FL/Pinecrest/6730-SW-88th-Ter-33156/home/42916086"
"1900 Tigertail Ave",1650000,2,2,1287,"2025-05-12T07:00:00Z","YES","https://www.redfin.com/FL/Miami/1900-Tigertail-Ave-33133/home/42753889"
"11000 SW 32nd St",1700000,4,2,3214,"2025-04-10T07:00:00Z","YES","https://www.redfin.com/FL/Miami/11000-SW-32nd-St-33165/home/43072260"
"150 NE 50th Ter",1710000,4,3,2438,"2025-04-25T07:00:00Z","YES","https://www.redfin.com/FL/Miami/150-NE-50th-Ter-33137/home/42691579"
"11631 SW 87th Ave",1995000,4,3,3986,"2025-05-31T07:00:00Z","YES","https://www.redfin.com/FL/Miami/11631-SW-87th-Ave-33176/home/43159541"
"20120 NE 21st Ct",2025000,4,3.5,3453,"2025-05-01T07:00:00Z","YES","https://www.redfin.com/FL/Miami/20120-NE-21st-Ct-33179/home/42959315"
"7445 SW 128th St",2150000,4,3.5,1334,"2025-06-16T07:00:00Z","YES","https://www.redfin.com/FL/Pinecrest/7445-SW-128th-St-33156/home/42917515"
"2920 SW 129th Ave",2150000,4,3,4708,"2025-04-04T07:00:00Z","YES","https://www.redfin.com/FL/Miami/2920-SW-129th-Ave-33175/home/43113049"
"7380 SW 109th Ter",2150000,5,3,2876,"2025-04-15T07:00:00Z","YES","https://www.redfin.com/FL/Pinecrest/7380-SW-109th-Ter-33156/home/42908321"
"2831 S Bayshore Dr #1501",2300000,3,2.5,1281,"2025-06-10T07:00:00Z","YES","https://www.redfin.com/FL/Miami/2831-S-Bayshore-Dr-33133/unit-1501/home/79134147"
"8150 SW 77th St",2300000,3,2,3293,"2025-06-16T07:00:00Z","YES","https://www.redfin.com/FL/Miami/8150-SW-77th-St-33143/home/43090239"
"2935 SW 30th Ct Unit 2935B",2400000,4,3,2936,"2025-04-21T07:00:00Z","YES","https://www.redfin.com/FL/Miami/2935-SW-30th-Ct-33133/unit-2935B/home/170955394"
"2 Grove Isle Dr Unit B1201",2695000,3,2.5,2614,"2025-04-14T07:00:00Z","YES","https://www.redfin.com/FL/Miami/2-Grove-Isle-Dr-33133/unit-B1201/home/42752261"
"1 Grove Isle Dr Unit A1201",2750100,3,2,2614,"2025-04-28T07:00:00Z","YES","https://www.redfin.com/FL/Miami/1-Grove-Isle-Dr-33133/unit-A1201/home/42754645"
"7470 SW 104th St",2999000,0,0,0,"2025-04-17T07:00:00Z","YES","https://www.redfin.com/FL/Pinecrest/7470-SW-104th-St-33156/home/42913451"
"3848 Little Ave",3250000,3,2,1706,"2025-03-27T07:00:00Z","YES","https://www.redfin.com/FL/Miami/3848-Little-Ave-33133/home/42760184"
"848 Brickell Key Dr #4405",3300000,3,3,2767,"2025-04-22T07:00:00Z","YES","https://www.redfin.com/FL/Miami/848-Brickell-Key-Dr-33131/unit-4405/home/43260341"
"10300 SW 63rd Ct",3425000,2,2,1557,"2025-05-19T07:00:00Z","YES","https://www.redfin.com/FL/Pinecrest/10300-SW-63rd-Ct-33156/home/42908619"
"2300 Tequesta Ln",3500000,5,5,3381,"2025-04-17T07:00:00Z","YES","https://www.redfin.com/FL/Miami/2300-Tequesta-Ln-33133/home/42754516"
"866 Belle Meade Island Dr",4000000,3,2,2683,"2025-04-09T07:00:00Z","YES","https://www.redfin.com/FL/Miami/866-Belle-Meade-Island-Dr-33138/home/42726613"
"677 NE 56th St",4050000,4,3.5,2629,"2025-05-21T07:00:00Z","YES","https://www.redfin.com/FL/Miami/677-NE-56th-St-33137/home/42727057"
"7690 Ponce de Leon Rd",5300000,3,4,4987,"2025-06-03T07:00:00Z","NO (outlier)","https://www.redfin.com/FL/Miami/7690-Ponce-de-Leon-Rd-33143/home/43096630"
"4380 Lake Rd",6650000,5,5.5,4334,"2025-06-20T07:00:00Z","NO (outlier)","https://www.redfin.com/FL/Miami/4380-Lake-Rd-33137/home/42724451"
"9920 SW 56th St",10840000,0,0,0,"2025-05-12T07:00:00Z","NO (outlier)","https://www.redfin.com/FL/Miami/9920-SW-56th-St-33165/home/43090402"
"6800 Fisher Is Dr #6843",14000000,4,4,4757,"2025-04-07T07:00:00Z","NO (outlier)","https://www.redfin.com/FL/Miami-Beach/6800-Fisher-Is-Dr-33109/unit-6843/home/170955778"