# Nashville, TN Baseline Calculation Summary
# Generated: 2025-06-25T06:44:51.649Z
# Baseline Period: 90 days
# Total Sales Found: 350
# Sales Used for Baseline: 343
# Outliers Removed: 7
# Calculated Baseline: $529,000
# Price Range (after outliers): $185,000 - $5,167,715
# Median Calculation: Middle value: $529,000
#
address,price,beds,baths,sqft,lastSoldDate,included_in_baseline,url
"2420B Jefferson St",25000,0,0,0,"2025-05-05T07:00:00Z","NO (outlier)","https://www.redfin.com/TN/Nashville/2420B-Jefferson-St-37208/home/195473864"
"916 Morrison St",150000,0,0,0,"2025-04-16T07:00:00Z","NO (outlier)","https://www.redfin.com/TN/Nashville/916-Morrison-St-37208/home/108026242"
"1827 Springfield Hwy",181000,2,2,1000,"2025-04-03T07:00:00Z","NO (outlier)","https://www.redfin.com/TN/Goodlettsville/1827-Springfield-Hwy-37072/home/172298749"
"2513 Buchanan St",185000,3,1.5,1501,"2025-06-06T07:00:00Z","YES","https://www.redfin.com/TN/Nashville/2513-Buchanan-St-37208/home/87829096"
"1808 Cephas St",199900,2,1,848,"2025-04-01T07:00:00Z","YES","https://www.redfin.com/TN/Nashville/1808-Cephas-St-37208/home/108020707"
"1613 Elizabeth Rd",205000,2,1,1260,"2025-06-12T07:00:00Z","YES","https://www.redfin.com/TN/Nashville/1613-Elizabeth-Rd-37218/home/108031242"
"3167 Trails End Ln",222000,3,2,1044,"2025-04-23T07:00:00Z","YES","https://www.redfin.com/TN/Nashville/3167-Trails-End-Ln-37214/home/107977870"
"106 Becker Ave",225000,3,1,1160,"2025-05-15T07:00:00Z","YES","https://www.redfin.com/TN/Old-Hickory/106-Becker-Ave-37138/home/68773293"
"3337 Chesapeake Cir",230000,2,1,895,"2025-06-16T07:00:00Z","YES","https://www.redfin.com/TN/Nashville/3337-Chesapeake-Cir-37207/home/108112602"
"1842 25th Ave N",230000,3,2,1530,"2025-05-29T07:00:00Z","YES","https://www.redfin.com/TN/Nashville/1842-25th-Ave-N-37208/home/108052490"
"3923 Pheasant Dr",230000,3,2,1910,"2025-06-13T07:00:00Z","YES","https://www.redfin.com/TN/Nashville/3923-Pheasant-Dr-37218/home/107995354"
"1713 Shorecrest Pt",230600,3,2.5,1390,"2025-06-07T07:00:00Z","YES","https://www.redfin.com/TN/Whites-Creek/1713-Shorecrest-Pt-37189/home/108105048"
"1203 Greenfield Ave",232000,0,0,0,"2025-06-18T07:00:00Z","YES","https://www.redfin.com/TN/Nashville/1203-Greenfield-Ave-37216/home/143667616"
"2570 Bethwood Dr",235000,4,2,1584,"2025-05-27T07:00:00Z","YES","https://www.redfin.com/TN/Nashville/2570-Bethwood-Dr-37207/home/87814521"
"429 Hickory Glade Dr",235500,2,1.5,950,"2025-05-29T07:00:00Z","YES","https://www.redfin.com/TN/Antioch/429-Hickory-Glade-Dr-37013/home/60667667"
"819 W Greenwood Ave",242500,2,1,954,"2025-04-16T07:00:00Z","YES","https://www.redfin.com/TN/Nashville/819-W-Greenwood-Ave-37206/home/60803439"
"322 Lutie St",245000,0,0,0,"2025-06-17T07:00:00Z","YES","https://www.redfin.com/TN/Nashville/322-Lutie-St-37210/home/79030033"
"1329 Havenbrook Dr",247900,3,2,1220,"2025-06-04T07:00:00Z","YES","https://www.redfin.com/TN/Nashville/1329-Havenbrook-Dr-37207/home/146077537"
"1607 Baptist World Center Dr",249000,3,2,1183,"2025-06-16T07:00:00Z","YES","https://www.redfin.com/TN/Nashville/1607-Baptist-World-Center-Dr-37207/home/108097232"
"202 Thistle Ln",255000,2,1.5,1116,"2025-06-03T07:00:00Z","YES","https://www.redfin.com/TN/Hermitage/202-Thistle-Ln-37076/home/108124376"
"3535 Bell Rd #501",263500,2,1.5,1088,"2025-06-06T07:00:00Z","YES","https://www.redfin.com/TN/Nashville/3535-Bell-Rd-37214/unit-501/home/108044318"
"233 Haywood Ln",265032,3,1,1400,"2025-05-30T07:00:00Z","YES","https://www.redfin.com/TN/Nashville/233-Haywood-Ln-37211/home/68835975"
"8207 Sawyer Brown Rd Unit N5",269000,2,1.5,1152,"2025-04-14T07:00:00Z","YES","https://www.redfin.com/TN/Nashville/8207-Sawyer-Brown-Rd-37221/unit-N5/home/87806904"
"600 E Trinity Ln #19",272500,1,1,697,"2025-04-08T07:00:00Z","YES","https://www.redfin.com/TN/Nashville/600-E-Trinity-Ln-37207/unit-19/home/178257295"
"651 Longhunter Ct",275000,3,3.5,1950,"2025-06-24T07:00:00Z","YES","https://www.redfin.com/TN/Nashville/651-Longhunter-Ct-37217/home/60657893"
"4745 Aaron Dr",276700,3,2,1562,"2025-04-14T07:00:00Z","YES","https://www.redfin.com/TN/Antioch/4745-Aaron-Dr-37013/home/108015495"
"2604 Lakevilla Dr",277500,3,2.5,1470,"2025-04-23T07:00:00Z","YES","https://www.redfin.com/TN/Nashville/2604-Lakevilla-Dr-37217/home/68806841"
"3047 Penn Meade Way",282000,3,2,980,"2025-05-28T07:00:00Z","YES","https://www.redfin.com/TN/Nashville/3047-Penn-Meade-Way-37214/home/108057956"
"8678 Poplar Creek Rd",285000,0,0,0,"2025-03-28T07:00:00Z","YES","https://www.redfin.com/TN/Nashville/8678-Poplar-Creek-Rd-37221/home/163153187"
"306 Elysian Fields Rd",285000,3,1.5,1025,"2025-06-12T07:00:00Z","YES","https://www.redfin.com/TN/Nashville/306-Elysian-Fields-Rd-37211/home/108038328"
"2319 Foster Ave",285000,2,1,750,"2025-04-21T07:00:00Z","YES","https://www.redfin.com/TN/Nashville/2319-Foster-Ave-37210/home/107977984"
"425 Rockwood Dr",295000,3,1.5,2100,"2025-05-02T07:00:00Z","YES","https://www.redfin.com/TN/Hermitage/425-Rockwood-Dr-37076/home/87805031"
"3117 Anderson Rd",300000,3,2,1725,"2025-06-02T07:00:00Z","YES","https://www.redfin.com/TN/Antioch/3117-Anderson-Rd-37013/home/68781678"
"3641 Forte Rd",300000,2,1,1440,"2025-06-03T07:00:00Z","YES","https://www.redfin.com/TN/Joelton/3641-Forte-Rd-37080/home/60782598"
"1090 Haysboro Ave #201",300000,1,1,591,"2025-04-11T07:00:00Z","YES","https://www.redfin.com/TN/Nashville/1090-Haysboro-Ave-37216/unit-201/home/195342644"
"403 Hadley Ave",300000,3,1.5,1074,"2025-05-30T07:00:00Z","YES","https://www.redfin.com/TN/Old-Hickory/403-Hadley-Ave-37138/home/108030702"
"137 Ramsden Ave",300000,3,2.5,1510,"2025-05-19T07:00:00Z","YES","https://www.redfin.com/TN/La-Vergne/137-Ramsden-Ave-37086/home/148178872"
"1056B 2nd Ave S",300000,1,1.5,674,"2025-06-12T07:00:00Z","YES","https://www.redfin.com/TN/Nashville/1056B-2nd-Ave-S-37210/home/195807239"
"3829 Bonnacreek Dr",300000,3,2,1974,"2025-06-06T07:00:00Z","YES","https://www.redfin.com/TN/Hermitage/3829-Bonnacreek-Dr-37076/home/108083739"
"1900 Richard Jones Rd Unit W4",305000,2,2,976,"2025-04-17T07:00:00Z","YES","https://www.redfin.com/TN/Nashville/1900-Richard-Jones-Rd-37215/unit-W4/home/87816145"
"104 Woodcraft Ct",306000,3,2.5,1596,"2025-06-09T07:00:00Z","YES","https://www.redfin.com/TN/Nashville/104-Woodcraft-Ct-37214/home/60803665"
"305 Connie Ave",306000,3,1,1550,"2025-05-27T07:00:00Z","YES","https://www.redfin.com/TN/Goodlettsville/305-Connie-Ave-37072/home/87802624"
"915 Hammack Dr",307000,3,2.5,2376,"2025-05-20T07:00:00Z","YES","https://www.redfin.com/TN/Nashville/915-Hammack-Dr-37214/home/108091862"
"411 Kemper Dr N",310000,3,1.5,2000,"2025-05-12T07:00:00Z","YES","https://www.redfin.com/TN/Madison/411-Kemper-Dr-N-37115/home/107991443"
"301 Dupont Ave",312000,3,2,1398,"2025-04-21T07:00:00Z","YES","https://www.redfin.com/TN/Madison/301-DuPont-Ave-37115/home/108030596"
"3109 Crosswood Dr",312000,2,1,855,"2025-04-16T07:00:00Z","YES","https://www.redfin.com/TN/Nashville/3109-Crosswood-Dr-37214/home/107982315"
"989 Todd Preis Dr #403",315000,3,2.5,1782,"2025-05-16T07:00:00Z","YES","https://www.redfin.com/TN/Nashville/989-Todd-Preis-Dr-37221/unit-403/home/60652947"
"1109 N 2nd St",315000,2,1,1234,"2025-05-30T07:00:00Z","YES","https://www.redfin.com/TN/Nashville/1109-N-2nd-St-37207/home/108052523"
"2808 Lera Jones Dr",315000,3,2,1466,"2025-05-16T07:00:00Z","YES","https://www.redfin.com/TN/Antioch/2808-Lera-Jones-Dr-37013/home/87827931"
"2116 Hobbs Rd Unit F2",320000,2,2,1110,"2025-05-06T07:00:00Z","YES","https://www.redfin.com/TN/Nashville/2116-Hobbs-Rd-37215/unit-F2/home/68707467"
"428 Adair Rd",320000,3,2,1165,"2025-03-28T07:00:00Z","YES","https://www.redfin.com/TN/Nashville/428-Adair-Rd-37214/home/108026099"
"4487 Post Pl #31",320100,3,2.5,1842,"2025-06-13T07:00:00Z","YES","https://www.redfin.com/TN/Nashville/4487-Post-Pl-37205/unit-31/home/87824556"
"807 18th Ave S #107",323000,1,1,745,"2025-04-08T07:00:00Z","YES","https://www.redfin.com/TN/Nashville/807-18th-Ave-S-37203/unit-107/home/108137195"
"1212 Thompson Pl",328000,4,2.5,1468,"2025-05-02T07:00:00Z","YES","https://www.redfin.com/TN/Nashville/1212-Thompson-Pl-37217/home/60864912"
"1401 Bellavista Blvd",330000,3,3,2354,"2025-05-07T07:00:00Z","YES","https://www.redfin.com/TN/Nashville/1401-Bellavista-Blvd-37207/home/108029910"
"1125 10th Ave N #215",332432,1,1,660,"2025-04-14T07:00:00Z","YES","https://www.redfin.com/TN/Nashville/1125-10th-Ave-N-37208/unit-215/home/174896481"
"901 S 13th St",335000,2,1,660,"2025-06-10T07:00:00Z","YES","https://www.redfin.com/TN/Nashville/901-S-13th-St-37206/home/108109850"
"414 Achievement Dr",337000,3,1,1448,"2025-05-27T07:00:00Z","YES","https://www.redfin.com/TN/Nashville/414-Achievement-Dr-37209/home/108067798"
"4619 Xavier Dr",338000,4,1.5,1881,"2025-06-22T07:00:00Z","YES","https://www.redfin.com/TN/Antioch/4619-Xavier-Dr-37013/home/60846813"
"1223 N 2nd St",340000,2,1,910,"2025-06-06T07:00:00Z","YES","https://www.redfin.com/TN/Nashville/1223-N-2nd-St-37207/home/108079129"
"223 Sapling Ave",347055,3,2.5,1576,"2025-04-22T07:00:00Z","YES","https://www.redfin.com/TN/Goodlettsville/223-Sapling-Ave-37072/home/194124964"
"1210 Strawberry Cv",350000,3,2,1362,"2025-03-27T07:00:00Z","YES","https://www.redfin.com/TN/Nashville/1210-Strawberry-Cv-37207/home/68775055"
"6313 Mount View Rd",350000,4,2.5,2450,"2025-04-29T07:00:00Z","YES","https://www.redfin.com/TN/Antioch/6313-Mount-View-Rd-37013/home/108091720"
"415 Church St #1805",355000,1,1,718,"2025-04-21T07:00:00Z","YES","https://www.redfin.com/TN/Nashville/415-Church-St-37219/unit-1805/home/108015841"
"242 Cedarview Dr",355000,3,2,1787,"2025-05-19T07:00:00Z","YES","https://www.redfin.com/TN/Antioch/242-Cedarview-Dr-37013/home/108014197"
"3368 Hospital Ln",357800,3,2,1100,"2025-05-27T07:00:00Z","YES","https://www.redfin.com/TN/Nashville/3368-Hospital-Ln-37218/home/108084947"
"5725 Collinwood Ct",360000,3,2,1318,"2025-04-21T07:00:00Z","YES","https://www.redfin.com/TN/Antioch/5725-Collinwood-Ct-37013/home/108023109"
"516 Rural Hill Rd",360000,4,2,2350,"2025-04-10T07:00:00Z","YES","https://www.redfin.com/TN/Nashville/516-Rural-Hill-Rd-37217/home/108132691"
"547 Stevenson St",362500,2,1,896,"2025-05-21T07:00:00Z","YES","https://www.redfin.com/TN/Nashville/547-Stevenson-St-37209/home/107980053"
"2936 Lyndale Dr",365000,3,2,1668,"2025-05-09T07:00:00Z","YES","https://www.redfin.com/TN/Nashville/2936-Lyndale-Dr-37207/home/108072787"
"3008 Reelfoot Dr",365000,3,2,1195,"2025-04-18T07:00:00Z","YES","https://www.redfin.com/TN/Nashville/3008-Reelfoot-Dr-37214/home/108036856"
"5062 Dayflower Dr S",368490,3,2.5,1487,"2025-03-28T07:00:00Z","YES","https://www.redfin.com/TN/Hermitage/5062-Dayflower-Dr-37076/home/194478870"
"426 Hadleys Bend Blvd",369900,3,2,1114,"2025-05-29T07:00:00Z","YES","https://www.redfin.com/TN/Old-Hickory/426-Hadleys-Bend-Blvd-37138/home/108080429"
"605 Plantation Ct #605",370000,4,3,1716,"2025-05-23T07:00:00Z","YES","https://www.redfin.com/TN/Nashville/605-Plantation-Ct-37221/unit-605/home/87806528"
"1212 Demonbreun St #1804",373363,1,1,644,"2025-04-16T07:00:00Z","YES","https://www.redfin.com/TN/Nashville/1212-Demonbreun-St-37203/unit-1804/home/195817750"
"5064 Dayflower Dr",374990,3,2.5,1388,"2025-03-28T07:00:00Z","YES","https://www.redfin.com/TN/Hermitage/5064-Dayflower-Dr-37076/home/194332270"
"454 Mcmurray Dr",375000,3,2,1264,"2025-04-04T07:00:00Z","YES","https://www.redfin.com/TN/Nashville/454-McMurray-Dr-37211/home/108115268"
"700 N Dupont Ave #227",377760,3,3.5,1904,"2025-05-30T07:00:00Z","YES","https://www.redfin.com/TN/Madison/700-N-DuPont-Ave-37115/unit-227/home/189668200"
"1021 31st Ave N",380000,8,4,4130,"2025-04-15T07:00:00Z","YES","https://www.redfin.com/TN/Nashville/1021-31st-Ave-N-37209/home/108001200"
"1104 Clarke St",380000,3,1,1142,"2025-05-30T07:00:00Z","YES","https://www.redfin.com/TN/Old-Hickory/1104-Clarke-St-37138/home/68772664"
"2304 Burns St",380000,2,2,896,"2025-04-08T07:00:00Z","YES","https://www.redfin.com/TN/Nashville/2304-Burns-St-37216/home/107983228"
"904 Pin Oak Dr",380000,3,2.5,1562,"2025-06-03T07:00:00Z","YES","https://www.redfin.com/TN/Antioch/904-Pin-Oak-Dr-37013/home/87808559"
"2551 Edge O Lake Dr",382000,3,1.5,1860,"2025-05-01T07:00:00Z","YES","https://www.redfin.com/TN/Nashville/2551-Edge-O-Lake-Dr-37217/home/108056484"
"1404 Market Sq",385000,4,3,1747,"2025-04-29T07:00:00Z","YES","https://www.redfin.com/TN/Hermitage/1404-Market-Sq-37076/home/87815298"
"1877 Brookmeadow Ln",385000,3,2.5,1464,"2025-05-09T07:00:00Z","YES","https://www.redfin.com/TN/Hermitage/1877-Brookmeadow-Ln-37076/home/77504002"
"4303 Maxwell Rd",388000,3,2.5,1805,"2025-04-15T07:00:00Z","YES","https://www.redfin.com/TN/Antioch/4303-Maxwell-Rd-37013/home/176576813"
"7345 Brady Ln",392000,3,2,1618,"2025-03-28T07:00:00Z","YES","https://www.redfin.com/TN/Antioch/7345-Brady-Ln-37013/home/174645382"
"700 N Dupont Ave #229",398600,3,2.5,1745,"2025-03-27T07:00:00Z","YES","https://www.redfin.com/TN/Madison/700-N-DuPont-Ave-37115/unit-229/home/189668198"
"965 Mulberry Hill Pl",399900,3,2.5,1606,"2025-05-20T07:00:00Z","YES","https://www.redfin.com/TN/Antioch/965-Mulberry-Hill-Pl-37013/home/173418054"
"323 Gaywood Dr",399950,3,2,1525,"2025-05-23T07:00:00Z","YES","https://www.redfin.com/TN/Nashville/323-Gaywood-Dr-37211/home/108027881"
"1619 Stonewater Dr",400000,3,2,1449,"2025-05-19T07:00:00Z","YES","https://www.redfin.com/TN/Hermitage/1619-Stonewater-Dr-37076/home/79018790"
"489 Sunliner Dr",400000,3,2,1650,"2025-06-04T07:00:00Z","YES","https://www.redfin.com/TN/Nashville/489-Sunliner-Dr-37209/home/107998434"
"720 N Dupont Ave",400751,3,3.5,2036,"2025-06-11T07:00:00Z","YES","https://www.redfin.com/TN/Madison/720-N-DuPont-Ave-37115/home/189668157"
"700 N Dupont Ave #226",403320,3,3.5,2036,"2025-03-30T07:00:00Z","YES","https://www.redfin.com/TN/Madison/700-N-DuPont-Ave-37115/unit-226/home/189668201"
"700 N Dupont Ave #330",405400,3,3.5,2036,"2025-03-27T07:00:00Z","YES","https://www.redfin.com/TN/Madison/700-N-DuPont-Ave-37115/unit-330/home/189668229"
"803 46th Ave N",410000,1,1,750,"2025-04-17T07:00:00Z","YES","https://www.redfin.com/TN/Nashville/803-46th-Ave-N-37209/home/108034682"
"915 Elliston St",410000,3,2,1391,"2025-06-17T07:00:00Z","YES","https://www.redfin.com/TN/Old-Hickory/915-Elliston-St-37138/home/107977087"
"408 Penfold Aly",410175,3,2.5,1494,"2025-04-25T07:00:00Z","YES","https://www.redfin.com/TN/Nolensville/408-Penfold-ALY-37135/home/192814725"
"116 Bluegill Ln",411990,4,2.5,1821,"2025-03-28T07:00:00Z","YES","https://www.redfin.com/TN/Antioch/116-Bluegill-Ln-37013/home/194567478"
"2816 Donna Hill Dr",412000,3,2,1534,"2025-04-28T07:00:00Z","YES","https://www.redfin.com/TN/Nashville/2816-Donna-Hill-Dr-37214/home/107996575"
"1212 Demonbreun St #1811",412934,1,1,719,"2025-05-01T07:00:00Z","YES","https://www.redfin.com/TN/Nashville/1212-Demonbreun-St-37203/unit-1811/home/195817723"
"410 Penfold Aly",415425,3,2.5,1494,"2025-04-17T07:00:00Z","YES","https://www.redfin.com/TN/Nolensville/410-Penfold-ALY-37135/home/192786354"
"3233 Tasker Dr",417900,2,2,1400,"2025-04-21T07:00:00Z","YES","https://www.redfin.com/TN/Antioch/3233-Tasker-Dr-37013/home/191427485"
"1435 Roberts",419900,2,1,875,"2025-05-01T07:00:00Z","YES","https://www.redfin.com/TN/Nashville/1435-Roberts-Ave-37206/home/108067811"
"1736 Flora Grv",420000,3,2.5,1749,"2025-04-28T07:00:00Z","YES","https://www.redfin.com/TN/Hermitage/1736-Flora-Grv-37076/home/194605132"
"1903 Mahala Dr",420000,4,2,1834,"2025-04-08T07:00:00Z","YES","https://www.redfin.com/TN/Hermitage/1903-Mahala-Dr-37076/home/194349310"
"308 Delta Way",424990,3,2.5,1984,"2025-04-08T07:00:00Z","YES","https://www.redfin.com/TN/La-Vergne/308-Delta-Way-37086/home/184506391"
"3315 Walton Ln",425000,4,2,1701,"2025-06-02T07:00:00Z","YES","https://www.redfin.com/TN/Nashville/3315-Walton-Ln-37216/home/191986537"
"4700 Kentucky Ave",425000,3,2,1063,"2025-05-27T07:00:00Z","YES","https://www.redfin.com/TN/Nashville/4700-Kentucky-Ave-37209/home/60849301"
"126B 40th Ave N",425000,2,1.5,1020,"2025-05-06T07:00:00Z","YES","https://www.redfin.com/TN/Nashville/126B-40th-Ave-N-37209/home/195224505"
"1742 Flora Grv",430000,4,2.5,2018,"2025-04-08T07:00:00Z","YES","https://www.redfin.com/TN/Hermitage/1742-Flora-Grv-37076/home/194605122"
"111 Peachtree St",430000,3,2,1152,"2025-05-22T07:00:00Z","YES","https://www.redfin.com/TN/Nashville/111-Peachtree-St-37210/home/107990173"
"640 Topeka Dr",430000,3,2.5,1950,"2025-05-14T07:00:00Z","YES","https://www.redfin.com/TN/Hermitage/640-Topeka-Dr-37076/home/108084759"
"868 Westcott Ln",434900,3,3,1530,"2025-04-02T07:00:00Z","YES","https://www.redfin.com/TN/Antioch/868-Westcott-Ln-37013/home/193083805"
"1522 Harwood Dr",435000,3,1,1165,"2025-03-31T07:00:00Z","YES","https://www.redfin.com/TN/Nashville/1522-Harwood-Dr-37206/home/108124860"
"3336 Quail Run Ct",435000,3,3.5,2329,"2025-05-28T07:00:00Z","YES","https://www.redfin.com/TN/Nashville/3336-Quail-Run-Ct-37214/home/108113700"
"614 Markham",435500,3,2.5,1849,"2025-06-03T07:00:00Z","YES","https://www.redfin.com/TN/Nashville/614-Markham-St-37214/home/189657080"
"701 S 13th St",437500,3,1,1108,"2025-06-03T07:00:00Z","YES","https://www.redfin.com/TN/Nashville/701-S-13th-St-37206/home/88333834"
"311 Seven Springs Way #101",440000,2,2,1263,"2025-04-11T07:00:00Z","YES","https://www.redfin.com/TN/Brentwood/311-Seven-Springs-Way-37027/unit-101/home/60659063"
"1100 Sunnymeade Dr #127",440000,3,3,1736,"2025-05-25T07:00:00Z","YES","https://www.redfin.com/TN/Nashville/1100-Sunnymeade-Dr-37216/unit-127/home/184514989"
"4249 Skyridge Dr",440000,4,2.5,2018,"2025-03-27T07:00:00Z","YES","https://www.redfin.com/TN/Nashville/4249-Skyridge-Dr-37207/home/194112129"
"1021 Ainsworth Cir",440000,4,2.5,2550,"2025-04-24T07:00:00Z","YES","https://www.redfin.com/TN/Antioch/1021-Ainsworth-Cir-37013/home/108092933"
"1747 Flora Grv",442140,3,2.5,1749,"2025-04-24T07:00:00Z","YES","https://www.redfin.com/TN/Hermitage/1747-Flora-Grv-37076/home/194890480"
"5038 Lawler Ln",444990,3,2.5,1952,"2025-04-24T07:00:00Z","YES","https://www.redfin.com/TN/Old-Hickory/5038-Lawler-Ln-37138/home/194445625"
"600 Glenpark Ct",445000,4,1.5,2075,"2025-04-14T07:00:00Z","YES","https://www.redfin.com/TN/Nashville/600-Glenpark-Ct-37217/home/60808742"
"5449 Reagan Run",445000,3,2,2124,"2025-05-23T07:00:00Z","YES","https://www.redfin.com/TN/Antioch/5449-Reagan-Run-37013/home/108015934"
"712 Walleye Way",448790,4,2.5,2174,"2025-05-30T07:00:00Z","YES","https://www.redfin.com/TN/Antioch/712-Walleye-WAY-37013/home/194785236"
"1102 Noble Loop #3",449999,3,3.5,1842,"2025-06-10T07:00:00Z","YES","https://www.redfin.com/TN/Nashville/1102-Noble-Loop-37211/unit-3/home/193726051"
"5927 Old Harding Pike",450000,3,2,1562,"2025-06-03T07:00:00Z","YES","https://www.redfin.com/TN/Nashville/5927-Old-Harding-Pike-37205/home/60790133"
"1835 Mahala Dr",450000,4,2,1834,"2025-05-17T07:00:00Z","YES","https://www.redfin.com/TN/Hermitage/1835-Mahala-Dr-37076/home/194944793"
"1738 Flora Grv",450000,4,2.5,1934,"2025-04-10T07:00:00Z","YES","https://www.redfin.com/TN/Hermitage/1738-Flora-Grv-37076/home/195340666"
"1005 Kiley Ct",450000,4,2,1835,"2025-05-15T07:00:00Z","YES","https://www.redfin.com/TN/Cane-Ridge/1005-Kiley-Ct-37013/home/194962512"
"1505 Wayne Dr",450000,0,0,0,"2025-04-04T07:00:00Z","YES","https://www.redfin.com/TN/Nashville/1505-Wayne-Dr-37206/home/108113523"
"2032 Pleasant Cv",450000,3,2.5,1663,"2025-05-29T07:00:00Z","YES","https://www.redfin.com/TN/Nashville/2032-Pleasant-Cv-37214/home/107984761"
"1153 Streamdale Pt E",450000,3,2.5,2548,"2025-05-01T07:00:00Z","YES","https://www.redfin.com/TN/Antioch/1153-Streamdale-Pt-E-37013/home/68843458"
"878 Westcott Ln",451335,3,2.5,1505,"2025-06-20T07:00:00Z","YES","https://www.redfin.com/TN/Antioch/878-Westcott-Ln-37013/home/193333303"
"2031 Pleasant Cv",454000,3,2.5,1663,"2025-04-24T07:00:00Z","YES","https://www.redfin.com/TN/Nashville/2031-Pleasant-Cv-37214/home/195275443"
"1425 Franklin Ave",455000,2,1,1101,"2025-04-15T07:00:00Z","YES","https://www.redfin.com/TN/Nashville/1425-Franklin-Ave-37206/home/108064112"
"1752 Flora Grv",456140,4,2.5,2018,"2025-06-09T07:00:00Z","YES","https://www.redfin.com/TN/Hermitage/1752-Flora-Grv-37076/home/195094640"
"4224 Skyridge Dr",457140,4,2.5,1934,"2025-05-22T07:00:00Z","YES","https://www.redfin.com/TN/Nashville/4224-Skyridge-Dr-37207/home/195090735"
"362 E Village Ln",459900,3,3.5,1709,"2025-06-02T07:00:00Z","YES","https://www.redfin.com/TN/Nashville/362-E-Village-Ln-37216/home/174894242"
"706 James Ave",460000,2,2.5,1296,"2025-05-15T07:00:00Z","YES","https://www.redfin.com/TN/Nashville/706-James-Ave-37209/home/148398218"
"900 20th Ave S #912",460000,1,1,808,"2025-04-11T07:00:00Z","YES","https://www.redfin.com/TN/Nashville/900-20th-Ave-S-37212/unit-912/home/68704502"
"1216 Aberlour Aly",460000,3,2.5,2368,"2025-06-18T07:00:00Z","YES","https://www.redfin.com/TN/Antioch/1216-Aberlour-Aly-37013/home/186152031"
"2212 Long Branch Ct",460000,4,2.5,1937,"2025-03-28T07:00:00Z","YES","https://www.redfin.com/TN/Antioch/2212-Long-Branch-Ct-37013/home/184523718"
"1009 Larkwood Dr",460000,3,2.5,2650,"2025-04-02T07:00:00Z","YES","https://www.redfin.com/TN/Hermitage/1009-Larkwood-Dr-37076/home/60669398"
"3889 Northbrook Dr",465000,4,2.5,1934,"2025-06-16T07:00:00Z","YES","https://www.redfin.com/TN/Nashville/3889-Northbrook-Dr-37207/home/196081662"
"2208 Long Branch Ct",465000,4,2.5,2210,"2025-05-28T07:00:00Z","YES","https://www.redfin.com/TN/Antioch/2208-Long-Branch-Ct-37013/home/184523719"
"7277 Charlotte Pike #254",465000,3,2.5,2306,"2025-05-28T07:00:00Z","YES","https://www.redfin.com/TN/Nashville/7277-Charlotte-Pike-37209/unit-254/home/60651385"
"4425 Fairlight Ln",468985,3,2.5,2294,"2025-06-09T07:00:00Z","YES","https://www.redfin.com/TN/Antioch/4425-Fairlight-Ln-37013/home/189668841"
"678 Brewer Dr",470000,3,1.5,1560,"2025-05-21T07:00:00Z","YES","https://www.redfin.com/TN/Nashville/678-Brewer-Dr-37211/home/60775000"
"5719 California Ave",470000,2,2.5,1152,"2025-06-06T07:00:00Z","YES","https://www.redfin.com/TN/Nashville/5719-California-Ave-37209/home/108497001"
"4236 Skyridge Dr",471140,4,2.5,2018,"2025-04-18T07:00:00Z","YES","https://www.redfin.com/TN/Nashville/4236-Skyridge-Dr-37207/home/194844518"
"704 Brody Ct",479140,3,2.5,2286,"2025-05-27T07:00:00Z","YES","https://www.redfin.com/TN/Cane-Ridge/704-Brody-Ct-37013/home/194962523"
"6208 Henry Ford Dr",480500,2,1.5,1823,"2025-05-08T07:00:00Z","YES","https://www.redfin.com/TN/Nashville/6208-Henry-Ford-Dr-37209/home/68805825"
"1206 Aberlour Aly",485000,3,2.5,2406,"2025-05-20T07:00:00Z","YES","https://www.redfin.com/TN/Antioch/1206-Aberlour-Aly-37013/home/189668964"
"4212 Skyridge Dr",489140,5,3,2352,"2025-05-27T07:00:00Z","YES","https://www.redfin.com/TN/Nashville/4212-Skyridge-Dr-37207/home/194962571"
"4004 Ridgemont Dr",490000,3,2.5,1507,"2025-05-23T07:00:00Z","YES","https://www.redfin.com/TN/Nashville/4004-Ridgemont-Dr-37207/home/108053354"
"5239 New John Hagar Rd",499000,4,3,3007,"2025-05-30T07:00:00Z","YES","https://www.redfin.com/TN/Hermitage/5239-New-John-Hagar-Rd-37076/home/108108310"
"1210 Valerie Ln #72",499999,3,2.5,1654,"2025-03-27T07:00:00Z","YES","https://www.redfin.com/TN/Nashville/1210-Valerie-LN-37211/unit-72/home/190050006"
"2547 Edge O Lake Dr",500000,4,2,2344,"2025-05-02T07:00:00Z","YES","https://www.redfin.com/TN/Nashville/2547-Edge-O-Lake-Dr-37217/home/108132056"
"6518 Sprint Dr",500000,3,1.5,1401,"2025-04-01T07:00:00Z","YES","https://www.redfin.com/TN/Nashville/6518-Sprint-Dr-37209/home/60853390"
"2156 Creekland View Blvd",502765,3,2,1646,"2025-05-12T07:00:00Z","YES","https://www.redfin.com/TN/Nashville/2156-Creekland-View-Blvd-37207/home/192271938"
"1105 Deerhurst Ct",505000,3,2,2694,"2025-05-13T07:00:00Z","YES","https://www.redfin.com/TN/Nashville/1105-Deerhurst-Ct-37221/home/108041612"
"1016 Kiley Ct",507000,5,3,2674,"2025-05-30T07:00:00Z","YES","https://www.redfin.com/TN/Cane-Ridge/1016-Kiley-Ct-37013/home/195094608"
"1070 Noble Loop #19",509999,3,3.5,1842,"2025-03-31T07:00:00Z","YES","https://www.redfin.com/TN/Nashville/1070-Noble-LOOP-37211/unit-19/home/191911468"
"1209 Duns Ln",512450,3,2,1557,"2025-05-09T07:00:00Z","YES","https://www.redfin.com/TN/Nolensville/1209-Duns-Ln-37135/home/167956775"
"715 41st Ave N",514995,3,2.5,1544,"2025-04-25T07:00:00Z","YES","https://www.redfin.com/TN/Nashville/715-41st-Ave-N-37209/home/190930200"
"2312 Alteras Dr",515000,4,2,2058,"2025-04-18T07:00:00Z","YES","https://www.redfin.com/TN/Nashville/2312-Alteras-Dr-37211/home/98247633"
"2038 Nora Ln",518000,5,2.5,3160,"2025-06-13T07:00:00Z","YES","https://www.redfin.com/TN/Hermitage/2038-Nora-Ln-37076/home/108075630"
"1352 Rosa L Parks Blvd #407",520000,2,2,1179,"2025-05-16T07:00:00Z","YES","https://www.redfin.com/TN/Nashville/1352-Rosa-L-Parks-Blvd-37208/unit-407/home/108029114"
"911 Freywood Dr",525000,4,2,1521,"2025-06-03T07:00:00Z","YES","https://www.redfin.com/TN/Madison/911-Freywood-Dr-37115/home/77424195"
"723 41st Ave N",527913,3,2.5,1560,"2025-05-07T07:00:00Z","YES","https://www.redfin.com/TN/Nashville/723-41st-Ave-N-37209/home/195425819"
"727 41st Ave N",528995,3,2.5,1544,"2025-04-28T07:00:00Z","YES","https://www.redfin.com/TN/Nashville/727-41st-Ave-N-37209/home/191061336"
"2514 Sheridan Rd",529000,3,1,1362,"2025-04-01T07:00:00Z","YES","https://www.redfin.com/TN/Nashville/2514-Sheridan-Rd-37206/home/108033941"
"1022 Granada Ave",529900,4,2,1970,"2025-04-30T07:00:00Z","YES","https://www.redfin.com/TN/Nashville/1022-Granada-Ave-37206/home/68833461"
"782 Rhonda Ln",530000,4,3,2430,"2025-06-06T07:00:00Z","YES","https://www.redfin.com/TN/Nashville/782-Rhonda-Ln-37205/home/108009273"
"3511 Byron Ave",530000,2,1,1248,"2025-06-10T07:00:00Z","YES","https://www.redfin.com/TN/Nashville/3511-Byron-Ave-37205/home/108083899"
"1220 Wallace Way",534000,4,2.5,2437,"2025-03-28T07:00:00Z","YES","https://www.redfin.com/TN/Hermitage/1220-Wallace-Way-37076/home/193746921"
"5235 Trousdale Dr",535000,3,1,1225,"2025-05-28T07:00:00Z","YES","https://www.redfin.com/TN/Nashville/5235-Trousdale-Dr-37220/home/108132427"
"4220 Grays Point Rd",540000,4,2,2145,"2025-04-18T07:00:00Z","YES","https://www.redfin.com/TN/Joelton/4220-Grays-Point-Rd-37080/home/87802573"
"545 Mcmurray Dr",540000,3,2,1995,"2025-04-23T07:00:00Z","YES","https://www.redfin.com/TN/Nashville/545-McMurray-Dr-37211/home/108094596"
"1622 Marsden Ave",545000,3,2,1522,"2025-05-19T07:00:00Z","YES","https://www.redfin.com/TN/Nashville/1622-Marsden-Ave-37216/home/174895404"
"711 41st Ave N",546787,3,2.5,1560,"2025-05-07T07:00:00Z","YES","https://www.redfin.com/TN/Nashville/711-41st-Ave-N-37209/home/191441425"
"1249 Mcgavock Pike",547000,3,1,1603,"2025-04-06T07:00:00Z","YES","https://www.redfin.com/TN/Nashville/1249-McGavock-Pike-37216/home/108031769"
"641 Old Hickory Blvd #206",547500,3,2.5,2126,"2025-04-17T07:00:00Z","YES","https://www.redfin.com/TN/Brentwood/641-Old-Hickory-Blvd-37027/unit-206/home/108134141"
"413 Scott Ave",549900,4,2,1583,"2025-05-05T07:00:00Z","YES","https://www.redfin.com/TN/Nashville/413-Scott-Ave-37206/home/87804429"
"8316 Marchwood Blvd",550000,5,3,2674,"2025-05-09T07:00:00Z","YES","https://www.redfin.com/TN/Cane-Ridge/8316-Marchwood-Blvd-37013/home/195542216"
"7401 Riverland Dr",550000,3,2,2024,"2025-05-28T07:00:00Z","YES","https://www.redfin.com/TN/Nashville/7401-Riverland-Dr-37221/home/195427644"
"705 Harpeth Pkwy W",550000,3,2,2066,"2025-05-01T07:00:00Z","YES","https://www.redfin.com/TN/Nashville/705-Harpeth-Pkwy-W-37221/home/87823476"
"324 Randall Dr",566500,3,2,1386,"2025-03-28T07:00:00Z","YES","https://www.redfin.com/TN/Nashville/324-Randall-Dr-37211/home/68852492"
"5414 Oakmont Cir",569000,3,2,1237,"2025-06-18T07:00:00Z","YES","https://www.redfin.com/TN/Nashville/5414-Oakmont-Cir-37209/home/108038506"
"4801 Briarwood Dr",574900,3,2,1367,"2025-05-06T07:00:00Z","YES","https://www.redfin.com/TN/Nashville/4801-Briarwood-Dr-37211/home/68807870"
"1821A Tammany Dr",575000,2,2,1203,"2025-06-23T07:00:00Z","YES","https://www.redfin.com/TN/Nashville/1821-Tammany-Dr-37216/home/178257532"
"1201 Valerie Ln #52",575000,3,3.5,1962,"2025-05-02T07:00:00Z","YES","https://www.redfin.com/TN/Nashville/1201-Valerie-LN-37211/unit-52/home/189818289"
"6928 Collinswood Dr",576300,3,2.5,2463,"2025-03-27T07:00:00Z","YES","https://www.redfin.com/TN/Nashville/6928-Collinswood-Dr-37221/home/108111667"
"1024 Indigo Aly",577310,4,3.5,2278,"2025-04-03T07:00:00Z","YES","https://www.redfin.com/TN/Brentwood/1024-Indigo-Aly-37027/home/189668736"
"1209 Wallace Way",577680,4,2.5,2597,"2025-05-13T07:00:00Z","YES","https://www.redfin.com/TN/Hermitage/1209-Wallace-Way-37076/home/194059816"
"801 Ashton Park Way",580000,3,3,2538,"2025-05-05T07:00:00Z","YES","https://www.redfin.com/TN/Mount-Juliet/801-Ashton-Park-Way-37122/home/188862865"
"6833 River Ridge Dr",585000,3,3,1812,"2025-04-14T07:00:00Z","YES","https://www.redfin.com/TN/Nashville/6833-River-Ridge-Dr-37221/home/60825714"
"1004 Noble Loop #49",588000,3,3.5,1962,"2025-06-09T07:00:00Z","YES","https://www.redfin.com/TN/Nashville/1004-Noble-Loop-37211/unit-49/home/195488744"
"1257 John St",590000,3,3.5,1670,"2025-05-23T07:00:00Z","YES","https://www.redfin.com/TN/Nashville/1257-John-St-37210/home/108128702"
"174 Kenner Ave",590000,3,2,1350,"2025-04-04T07:00:00Z","YES","https://www.redfin.com/TN/Nashville/174-Kenner-Ave-37205/home/108003184"
"2139 Kirkwall Dr",590000,3,2,1999,"2025-04-02T07:00:00Z","YES","https://www.redfin.com/TN/Nolensville/2139-Kirkwall-Dr-37135/home/104209606"
"3688 Pierside Dr",592255,3,2,2214,"2025-03-27T07:00:00Z","YES","https://www.redfin.com/TN/Hermitage/3688-Pierside-Dr-37076/home/192423794"
"530 Kemp Dr",593650,4,2.5,2597,"2025-06-11T07:00:00Z","YES","https://www.redfin.com/TN/Hermitage/530-Kemp-Dr-37076/home/194059623"
"532 Kemp Dr",594888,4,2.5,2437,"2025-05-29T07:00:00Z","YES","https://www.redfin.com/TN/Hermitage/532-Kemp-Dr-37076/home/193684795"
"217 Cheswick Ct",595000,2,2.5,1953,"2025-06-23T07:00:00Z","YES","https://www.redfin.com/TN/Nashville/217-Cheswick-Ct-37215/home/108027135"
"7151 Riverfront Dr",599000,4,2.5,2357,"2025-06-06T07:00:00Z","YES","https://www.redfin.com/TN/Nashville/7151-Riverfront-Dr-37221/home/68860408"
"1009 Cherry Tree Dr",599900,4,3,2581,"2025-03-29T07:00:00Z","YES","https://www.redfin.com/TN/Mount-Juliet/1009-Cherry-Tree-Dr-37122/home/190326387"
"1067 Noble Loop #88",599999,3,3.5,2042,"2025-04-30T07:00:00Z","YES","https://www.redfin.com/TN/Nashville/1067-Noble-LOOP-37211/unit-88/home/187189820"
"303 31st Ave N #211",600000,2,2,868,"2025-04-30T07:00:00Z","YES","https://www.redfin.com/TN/Nashville/303-31st-Ave-N-37203/unit-211/home/184520351"
"4501 Chandler Rd",600000,4,3,2914,"2025-06-17T07:00:00Z","YES","https://www.redfin.com/TN/Hermitage/4501-Chandler-Rd-37076/home/68820258"
"241 Donelson Hills Dr",600000,3,2,1408,"2025-05-07T07:00:00Z","YES","https://www.redfin.com/TN/Nashville/241-Donelson-Hills-Dr-37214/home/108001170"
"519 Kemp Dr",600560,4,2.5,2597,"2025-05-23T07:00:00Z","YES","https://www.redfin.com/TN/Hermitage/519-Kemp-Dr-37076/home/194059789"
"904 Crescent Hill Rd",604000,3,2,1500,"2025-05-09T07:00:00Z","YES","https://www.redfin.com/TN/Nashville/904-Crescent-Hill-Rd-37206/home/68826445"
"1011 Lionheart Dr",605570,5,3,2744,"2025-05-09T07:00:00Z","YES","https://www.redfin.com/TN/Hermitage/1011-Lionheart-Dr-37076/home/193302152"
"4772 Drakes Branch Rd",609000,4,2.5,2872,"2025-04-12T07:00:00Z","YES","https://www.redfin.com/TN/Nashville/4772-Drakes-Branch-Rd-37218/home/87825413"
"6409 Cloverbrook Dr",610000,3,2.5,2366,"2025-06-17T07:00:00Z","YES","https://www.redfin.com/TN/Brentwood/6409-Cloverbrook-Dr-37027/home/107974858"
"2127 Rotorua Dr E",612975,3,2,2094,"2025-05-20T07:00:00Z","YES","https://www.redfin.com/TN/Antioch/2127-Rotorua-Dr-E-37013/home/195428176"
"126B Duluth Ave",624000,3,3.5,1825,"2025-06-18T07:00:00Z","YES","https://www.redfin.com/TN/Nashville/126B-Duluth-Ave-37209/home/195253132"
"1306 Mcalpine Ave",625000,3,2,1381,"2025-05-30T07:00:00Z","YES","https://www.redfin.com/TN/Nashville/1306-McAlpine-Ave-37216/home/107975061"
"7521 Henderson Dr",629900,4,3.5,3050,"2025-04-02T07:00:00Z","YES","https://www.redfin.com/TN/Nashville/7521-Henderson-Dr-37221/home/108043214"
"1360 Ashton Park Way",644730,3,3,2655,"2025-05-29T07:00:00Z","YES","https://www.redfin.com/TN/Nashville/1360-Ashton-Park-Way-37122/home/194573101"
"609 Woodett Dr",649000,3,2,2138,"2025-06-10T07:00:00Z","YES","https://www.redfin.com/TN/Nashville/609-Woodett-Dr-37211/home/87280411"
"415 Barrywood Dr",650000,3,2,1581,"2025-05-05T07:00:00Z","YES","https://www.redfin.com/TN/Nashville/415-Barrywood-Dr-37211/home/101365467"
"6146 Parkhaven Blvd",665500,3,3,2805,"2025-06-17T07:00:00Z","YES","https://www.redfin.com/TN/Hermitage/6146-Parkhaven-Blvd-37076/home/193643671"
"2200 Pennington Ave",669900,3,3,2163,"2025-04-03T07:00:00Z","YES","https://www.redfin.com/TN/Nashville/2200-Pennington-Ave-37216/home/177047172"
"1411A Lillian St",670000,3,2.5,1712,"2025-05-15T07:00:00Z","YES","https://www.redfin.com/TN/Nashville/1411a-Lillian-St-37206/home/147970193"
"1212 Demonbreun St #802",672516,2,2,1146,"2025-06-06T07:00:00Z","YES","https://www.redfin.com/TN/Nashville/1212-Demonbreun-St-37203/unit-802/home/196136325"
"2620 Tiffany Dr",675000,3,2,1575,"2025-06-12T07:00:00Z","YES","https://www.redfin.com/TN/Nashville/2620-Tiffany-Dr-37206/home/107996443"
"504 Edwin St #24",676000,4,3.5,2027,"2025-06-02T07:00:00Z","YES","https://www.redfin.com/TN/Nashville/504-Edwin-St-37207/unit-24/home/194691104"
"505 Community Ct #3",685000,4,4.5,3171,"2025-05-12T07:00:00Z","YES","https://www.redfin.com/TN/Nashville/505-Community-Ct-37209/unit-3/home/184518492"
"1505 Simpson Ct",685000,4,3.5,3113,"2025-04-29T07:00:00Z","YES","https://www.redfin.com/TN/Nashville/1505-Simpson-Ct-37211/home/60693847"
"3676 Pierside Dr",695000,5,3.5,3435,"2025-03-27T07:00:00Z","YES","https://www.redfin.com/TN/Hermitage/3676-Pierside-Dr-37076/home/192423796"
"6326B Columbia Ave",700000,3,2.5,2039,"2025-05-30T07:00:00Z","YES","https://www.redfin.com/TN/Nashville/6326-Columbia-Ave-37209/home/148402081"
"4817 Lynn Dr",700000,4,3,2500,"2025-05-21T07:00:00Z","YES","https://www.redfin.com/TN/Nashville/4817-Lynn-Dr-37211/home/87816503"
"3684 Pierside Dr",702808,5,3.5,3435,"2025-03-27T07:00:00Z","YES","https://www.redfin.com/TN/Hermitage/3684-Pierside-Dr-37076/home/192423798"
"2706 Bronte Ave Unit B",709000,2,1,1062,"2025-06-10T07:00:00Z","YES","https://www.redfin.com/TN/Nashville/2706-Bronte-Ave-37216/unit-B/home/87804101"
"6328 Columbia Ave Unit A",710000,3,2.5,2049,"2025-04-15T07:00:00Z","YES","https://www.redfin.com/TN/Nashville/6328-Columbia-Ave-37209/unit-A/home/148402077"
"62 Vaughns Gap Rd",715000,3,3,2369,"2025-05-29T07:00:00Z","YES","https://www.redfin.com/TN/Nashville/62-Vaughns-Gap-Rd-37205/home/102249454"
"603A Croley Dr",717000,3,2.5,2341,"2025-04-08T07:00:00Z","YES","https://www.redfin.com/TN/Nashville/603-Croley-Dr-37209/home/178258374"
"510 Croley Dr",720000,3,2.5,2056,"2025-05-01T07:00:00Z","YES","https://www.redfin.com/TN/Nashville/510-Croley-Dr-37209/home/144500012"
"929 Brenton Park Ct",720000,3,2.5,2698,"2025-04-24T07:00:00Z","YES","https://www.redfin.com/TN/Brentwood/929-Brenton-Park-Ct-37027/home/108093208"
"4820 Merrill Ln",725000,4,2,2245,"2025-04-17T07:00:00Z","YES","https://www.redfin.com/TN/Nashville/4820-Merrill-Ln-37211/home/60853819"
"1052 Cherry Tree Dr",729015,4,3.5,2954,"2025-03-31T07:00:00Z","YES","https://www.redfin.com/TN/Mount-Juliet/1052-Cherry-Tree-DR-37122/home/189949454"
"1652 Rachel Way",730000,3,2.5,2926,"2025-04-15T07:00:00Z","YES","https://www.redfin.com/TN/Old-Hickory/1652-Rachel-Way-37138/home/108034221"
"8586 Beautiful Valley Dr",749000,4,3.5,3013,"2025-05-22T07:00:00Z","YES","https://www.redfin.com/TN/Nashville/8586-Beautiful-Valley-Dr-37221/home/102803692"
"2821 Woodlawn Dr",749900,3,2,17667,"2025-05-26T07:00:00Z","YES","https://www.redfin.com/TN/Nashville/2821-Woodlawn-Dr-37215/home/195920030"
"297 Oriel Ave",759000,4,3,2532,"2025-05-16T07:00:00Z","YES","https://www.redfin.com/TN/Nashville/297-Oriel-Ave-37210/home/195313010"
"3614 Meadowbrook Ave",760000,2,2,1309,"2025-05-01T07:00:00Z","YES","https://www.redfin.com/TN/Nashville/3614-Meadowbrook-Ave-37205/home/108125659"
"4806 Michigan Ave Unit A",775000,3,3,2262,"2025-04-16T07:00:00Z","YES","https://www.redfin.com/TN/Nashville/4806-Michigan-Ave-37209/unit-A/home/60858880"
"4806 Michigan Ave",775000,4,3,2262,"2025-04-09T07:00:00Z","YES","https://www.redfin.com/TN/Nashville/4806-Michigan-Ave-37209/home/167940402"
"1500 Lillian St",775000,3,2,1680,"2025-06-02T07:00:00Z","YES","https://www.redfin.com/TN/Nashville/1500-Lillian-St-37206/home/60866095"
"509 Broadwell Dr",785000,3,3,2560,"2025-05-13T07:00:00Z","YES","https://www.redfin.com/TN/Nashville/509-Broadwell-Dr-37220/home/108012145"
"6017B Pennsylvania Ave",789000,3,3,2482,"2025-04-17T07:00:00Z","YES","https://www.redfin.com/TN/Nashville/6017B-Pennsylvania-Ave-37209/home/172306415"
"1416 Wexford Downs Ln",799000,4,3,3061,"2025-05-02T07:00:00Z","YES","https://www.redfin.com/TN/Nashville/1416-Wexford-Downs-Ln-37211/home/108136520"
"606 39th Ave N",799900,5,8.5,2903,"2025-05-02T07:00:00Z","YES","https://www.redfin.com/TN/Nashville/606-39th-Ave-N-37209/home/189656468"
"154 Haverford Dr",799999,2,2,1542,"2025-04-29T07:00:00Z","YES","https://www.redfin.com/TN/Nashville/154-Haverford-Dr-37205/home/103648895"
"832 Banbury Way",805000,4,2.5,3320,"2025-05-27T07:00:00Z","YES","https://www.redfin.com/TN/Brentwood/832-Banbury-Way-37027/home/87094630"
"1933 Berkshire Dr",806095,4,3,2236,"2025-04-09T07:00:00Z","YES","https://www.redfin.com/TN/Nashville/1933-Berkshire-Dr-37216/home/108083079"
"835 Otter Creek Rd",809000,3,1.5,1551,"2025-04-25T07:00:00Z","YES","https://www.redfin.com/TN/Nashville/835-Otter-Creek-Rd-37220/home/60858299"
"2107 Pontotoc Ave",810000,3,2,2217,"2025-05-09T07:00:00Z","YES","https://www.redfin.com/TN/Nashville/2107-Pontotoc-Ave-37206/home/108125889"
"1033 Sycamore Ests",825564,4,2.5,2766,"2025-06-06T07:00:00Z","YES","https://www.redfin.com/TN/Nashville/1033-Sycamore-Ests-37211/home/195831198"
"5316 Trousdale Dr",827500,3,2,2498,"2025-04-30T07:00:00Z","YES","https://www.redfin.com/TN/Nashville/5316-Trousdale-Dr-37220/home/108009510"
"1304 Beech Hollow Dr",830000,4,3.5,3812,"2025-05-07T07:00:00Z","YES","https://www.redfin.com/TN/Nashville/1304-Beech-Hollow-Dr-37211/home/68802518"
"1032 Sycamore Ests",844985,4,3.5,2906,"2025-06-08T07:00:00Z","YES","https://www.redfin.com/TN/Nashville/1032-Sycamore-Ests-37211/home/195831197"
"1224 Winding Way",850000,3,2,2660,"2025-04-25T07:00:00Z","YES","https://www.redfin.com/TN/Nashville/1224-Winding-Way-37216/home/60870349"
"6301 Edsel Dr",850000,4,3.5,2622,"2025-05-03T07:00:00Z","YES","https://www.redfin.com/TN/Nashville/6301-Edsel-Dr-37209/home/108078146"
"1206 N 7th St",850000,0,0,0,"2025-06-18T07:00:00Z","YES","https://www.redfin.com/TN/Nashville/1206-N-7th-St-37207/home/87803980"
"404 W Bend Dr",865000,4,3.5,2815,"2025-05-01T07:00:00Z","YES","https://www.redfin.com/TN/Nashville/404-W-Bend-Dr-37209/home/193436212"
"1028 Sycamore Ests",871110,4,3.5,3194,"2025-06-08T07:00:00Z","YES","https://www.redfin.com/TN/Nashville/1028-Sycamore-Ests-37211/home/195831209"
"512 Cabot Pl",875000,4,3.5,3621,"2025-04-04T07:00:00Z","YES","https://www.redfin.com/TN/Nashville/512-Cabot-Pl-37221/home/108053794"
"331 Lawndale Dr",889900,4,4.5,2976,"2025-04-30T07:00:00Z","YES","https://www.redfin.com/TN/Nashville/331-Lawndale-Dr-37217/home/185239073"
"4942 Darlington Dr",895000,6,3,3455,"2025-04-22T07:00:00Z","YES","https://www.redfin.com/TN/Nashville/4942-Darlington-Dr-37211/home/108097618"
"521 River Rouge Dr",895000,4,3.5,2733,"2025-04-03T07:00:00Z","YES","https://www.redfin.com/TN/Nashville/521-River-Rouge-Dr-37209/home/189667752"
"1024 Sycamore Ests",899515,4,3.5,3194,"2025-06-01T07:00:00Z","YES","https://www.redfin.com/TN/Nashville/1024-Sycamore-Ests-37211/home/195831186"
"1118 Mcchesney Ave",899900,4,4,2540,"2025-04-03T07:00:00Z","YES","https://www.redfin.com/TN/Nashville/1118-McChesney-Ave-37216/home/108109826"
"1025 Sycamore Ests",900535,4,3.5,2766,"2025-06-03T07:00:00Z","YES","https://www.redfin.com/TN/Nashville/1025-Sycamore-Ests-37211/home/195831206"
"1029 Sycamore Ests",908790,4,3.5,3334,"2025-06-06T07:00:00Z","YES","https://www.redfin.com/TN/Nashville/1029-Sycamore-Ests-37211/home/195831201"
"1621 Boxwood Dr",919900,4,3.5,3008,"2025-06-05T07:00:00Z","YES","https://www.redfin.com/TN/Nashville/1621-Boxwood-Dr-37211/home/189664540"
"1212 Laurel St #507",920000,2,2,1146,"2025-04-08T07:00:00Z","YES","https://www.redfin.com/TN/Nashville/1212-Laurel-St-37203/unit-507/home/102803753"
"1804 Russell St",925000,3,2,1850,"2025-06-04T07:00:00Z","YES","https://www.redfin.com/TN/Nashville/1804-Russell-St-37206/home/83335031"
"1815A Shackleford Rd",939900,4,3.5,2609,"2025-06-04T07:00:00Z","YES","https://www.redfin.com/TN/Nashville/1815A-Shackleford-Rd-37215/home/146109375"
"1016 Sycamore Ests",949962,5,3.5,3750,"2025-05-30T07:00:00Z","YES","https://www.redfin.com/TN/Nashville/1016-Sycamore-Ests-37211/home/195831196"
"947 Greerland Dr",950000,3,2,1767,"2025-04-01T07:00:00Z","YES","https://www.redfin.com/TN/Nashville/947-Greerland-Dr-37204/home/108132600"
"862 Bresslyn Rd",950000,3,2.5,2215,"2025-06-09T07:00:00Z","YES","https://www.redfin.com/TN/Nashville/862-Bresslyn-Rd-37205/home/108080977"
"1039 Mitchell Rd Unit B",955000,2,1,1050,"2025-06-09T07:00:00Z","YES","https://www.redfin.com/TN/Nashville/1039-Mitchell-Rd-37206/unit-B/home/60750139"
"1020 Sycamore Ests",962370,4,3.5,3435,"2025-05-30T07:00:00Z","YES","https://www.redfin.com/TN/Nashville/1020-Sycamore-Ests-37211/home/195831199"
"1622 S Observatory Dr",970000,4,2.5,2895,"2025-06-24T07:00:00Z","YES","https://www.redfin.com/TN/Nashville/1622-S-Observatory-Dr-37215/home/68858032"
"704 Sills Ct",999500,4,3,2328,"2025-06-17T07:00:00Z","YES","https://www.redfin.com/TN/Nashville/704-Sills-Ct-37220/home/68858173"
"2514 Fairfax Ave",999999,4,3.5,3886,"2025-03-27T07:00:00Z","YES","https://www.redfin.com/TN/Nashville/2514-Fairfax-Ave-37212/home/87805571"
"4206 Kirtland Rd",1035000,4,3,2719,"2025-04-04T07:00:00Z","YES","https://www.redfin.com/TN/Nashville/4206-Kirtland-Rd-37215/home/108095633"
"205 Lone Oak Village Way",1050000,4,2.5,3460,"2025-06-13T07:00:00Z","YES","https://www.redfin.com/TN/Nashville/205-Lone-Oak-Village-Way-37215/home/95649944"
"4307 Dakota Ave",1100000,3,2.5,2632,"2025-05-05T07:00:00Z","YES","https://www.redfin.com/TN/Nashville/4307-Dakota-Ave-37209/home/174898060"
"4185 Belmont Park Ter Unit A",1100000,3,2,2744,"2025-03-27T07:00:00Z","YES","https://www.redfin.com/TN/Nashville/4185-Belmont-Park-Ter-37215/unit-A/home/60677017"
"819 Forest Acres Dr",1100000,3,2,2242,"2025-05-27T07:00:00Z","YES","https://www.redfin.com/TN/Nashville/819-Forest-Acres-Dr-37220/home/108007586"
"4306 Gray Oaks Dr",1125000,3,2.5,2665,"2025-04-29T07:00:00Z","YES","https://www.redfin.com/TN/Nashville/4306-Gray-Oaks-Dr-37204/home/87806104"
"1910A Valley Park Dr",1125000,3,3.5,3077,"2025-06-06T07:00:00Z","YES","https://www.redfin.com/TN/Nashville/1910-Valley-Park-Dr-37216/home/178257542"
"1400 Rosa L Parks Blvd #401",1150000,2,2.5,2741,"2025-04-14T07:00:00Z","YES","https://www.redfin.com/TN/Nashville/1400-Rosa-L-Parks-Blvd-37208/unit-401/home/89143476"
"1226 Martin St #4",1165000,3,3.5,1978,"2025-04-08T07:00:00Z","YES","https://www.redfin.com/TN/Nashville/1226-Martin-St-37203/unit-4/home/148400982"
"6212 Gardendale Dr",1188000,4,3,2955,"2025-05-27T07:00:00Z","YES","https://www.redfin.com/TN/Nashville/6212-Gardendale-Dr-37215/home/108100848"
"4020 Utah Ave",1190000,3,2,2387,"2025-04-29T07:00:00Z","YES","https://www.redfin.com/TN/Nashville/4020-Utah-Ave-37209/home/68805033"
"307 Chapel Ave",1200000,4,3.5,2600,"2025-03-28T07:00:00Z","YES","https://www.redfin.com/TN/Nashville/307-Chapel-Ave-37206/home/108025511"
"1305 Burton Valley Rd",1200000,5,2,3200,"2025-05-02T07:00:00Z","YES","https://www.redfin.com/TN/Nashville/1305-Burton-Valley-Rd-37215/home/108045879"
"517A Continental Dr",1200000,4,4.5,3127,"2025-05-30T07:00:00Z","YES","https://www.redfin.com/TN/Nashville/517-Continental-Dr-37209/home/195959358"
"206 Haverford Ave",1200000,4,2,2590,"2025-04-24T07:00:00Z","YES","https://www.redfin.com/TN/Nashville/206-Haverford-Ave-37205/home/87816334"
"2001 June Dr",1225000,5,7,5535,"2025-04-09T07:00:00Z","YES","https://www.redfin.com/TN/Nashville/2001-June-Dr-37214/home/60842838"
"1303 Edgewood Pl",1250000,4,4,3648,"2025-05-09T07:00:00Z","YES","https://www.redfin.com/TN/Nashville/1303-Edgewood-Pl-37206/home/68854748"
"839B Dewees Ave",1270000,4,3.5,2373,"2025-06-21T07:00:00Z","YES","https://www.redfin.com/TN/Nashville/839B-Dewees-Ave-37204/home/167151006"
"18 Foxhall Close",1280000,3,2.5,3093,"2025-04-29T07:00:00Z","YES","https://www.redfin.com/TN/Nashville/18-Foxhall-Close-37215/home/60838650"
"946 Seymour Ave",1285018,5,4.5,3236,"2025-04-14T07:00:00Z","YES","https://www.redfin.com/TN/Nashville/946-Seymour-Ave-37206/home/107343663"
"724 Newhall Dr",1299900,4,3.5,3376,"2025-06-16T07:00:00Z","YES","https://www.redfin.com/TN/Nashville/724-Newhall-Dr-37206/home/195194290"
"1603 Peerman Dr",1366000,5,5,3560,"2025-05-09T07:00:00Z","YES","https://www.redfin.com/TN/Nashville/1603-Peerman-Dr-37206/home/195782467"
"3312 Walton Ln",1380000,3,2.5,1550,"2025-05-15T07:00:00Z","YES","https://www.redfin.com/TN/Nashville/3312-Walton-Ln-37216/home/107994483"
"3939 Glen Echo Lake Rd",1425000,4,3,2757,"2025-05-06T07:00:00Z","YES","https://www.redfin.com/TN/Ashland-City/3939-Glen-Echo-Lake-Rd-37015/home/107973597"
"802 N 5th St",1472000,5,3.5,3135,"2025-06-11T07:00:00Z","YES","https://www.redfin.com/TN/Nashville/802-N-5th-St-37207/home/108000099"
"1857 Shamrock Dr",1512500,4,2.5,2736,"2025-05-01T07:00:00Z","YES","https://www.redfin.com/TN/Brentwood/1857-Shamrock-Dr-37027/home/87882074"
"2213 Castleman Dr",1575000,4,3.5,3507,"2025-05-20T07:00:00Z","YES","https://www.redfin.com/TN/Nashville/2213-Castleman-Dr-37215/home/169913661"
"4917 Franklin Pike",1650000,4,3.5,3483,"2025-04-09T07:00:00Z","YES","https://www.redfin.com/TN/Nashville/4917-Franklin-Pike-37220/home/108040202"
"928 Kirkwood Ave",1675000,4,2.5,3993,"2025-06-16T07:00:00Z","YES","https://www.redfin.com/TN/Nashville/928-Kirkwood-Ave-37204/home/108069330"
"1608B 7th Ave N",1695000,4,5,3658,"2025-06-23T07:00:00Z","YES","https://www.redfin.com/TN/Nashville/1608B-7th-Ave-N-37208/home/196114907"
"8012 Cane Creek Rd",1760502,4,5,4095,"2025-06-20T07:00:00Z","YES","https://www.redfin.com/TN/Nashville/8012-Cane-Creek-Rd-37221/home/189969521"
"304 Page Rd",1840050,4,4.5,3269,"2025-05-14T07:00:00Z","YES","https://www.redfin.com/TN/Nashville/304-Page-Rd-37205/home/68824713"
"904 Robertson Academy Rd",1850000,0,0,0,"2025-04-16T07:00:00Z","YES","https://www.redfin.com/TN/Nashville/904-Robertson-Academy-Rd-37220/home/108012109"
"1807 Russell St",1850000,4,3,3374,"2025-05-01T07:00:00Z","YES","https://www.redfin.com/TN/Nashville/1807-Russell-St-37206/home/108081583"
"1308 Mcquiddy Rd",1898346,4,4,3960,"2025-05-14T07:00:00Z","YES","https://www.redfin.com/TN/Nashville/1308-McQuiddy-Rd-37221/home/189969513"
"4028 General Bate Dr",1975000,4,4.5,4266,"2025-05-14T07:00:00Z","YES","https://www.redfin.com/TN/Nashville/4028-General-Bate-Dr-37204/home/60823098"
"318 35th Ave N Unit B",2000000,4,5.5,4511,"2025-05-07T07:00:00Z","YES","https://www.redfin.com/TN/Nashville/318-35th-Ave-N-37209/unit-B/home/107345947"
"112 W Tyne Dr",2090000,4,3.5,3481,"2025-05-01T07:00:00Z","YES","https://www.redfin.com/TN/Nashville/112-W-Tyne-Dr-37205/home/60802440"
"949 Russell St",2110000,5,4.5,4785,"2025-03-28T07:00:00Z","YES","https://www.redfin.com/TN/Nashville/949-Russell-St-37206/home/87820152"
"601 Timber Ln",2150000,4,4,3689,"2025-06-12T07:00:00Z","YES","https://www.redfin.com/TN/Nashville/601-Timber-Ln-37215/home/108091814"
"34 Fox Vale Ln",2170000,3,4.5,5842,"2025-04-03T07:00:00Z","YES","https://www.redfin.com/TN/Nashville/34-Fox-Vale-Ln-37221/home/100755276"
"1414 Franklin Ave",2200000,6,4,3745,"2025-06-05T07:00:00Z","YES","https://www.redfin.com/TN/Nashville/1414-Franklin-Ave-37206/home/87820220"
"22 Middleton Park Ln",2244000,4,3.5,3944,"2025-05-13T07:00:00Z","YES","https://www.redfin.com/TN/Nashville/22-Middleton-Park-Ln-37215/home/108056359"
"1105 Gilmore Ave",2300000,4,3,3400,"2025-05-19T07:00:00Z","YES","https://www.redfin.com/TN/Nashville/1105-Gilmore-Ave-37204/home/68834796"
"6847 Old Hickory Blvd",2500000,3,1,1485,"2025-05-28T07:00:00Z","YES","https://www.redfin.com/TN/Whites-Creek/6847-Old-Hickory-Blvd-37189/home/108117420"
"844 Belton Dr",2720000,6,5.5,7072,"2025-04-02T07:00:00Z","YES","https://www.redfin.com/TN/Nashville/844-Belton-Dr-37205/home/108055016"
"119 Lasalle Ct",2750000,5,6,4803,"2025-03-27T07:00:00Z","YES","https://www.redfin.com/TN/Nashville/119-Lasalle-Ct-37205/home/108130877"
"622 Enquirer Ave",3300000,5,3.5,4053,"2025-04-02T07:00:00Z","YES","https://www.redfin.com/TN/Nashville/622-Enquirer-Ave-37205/home/108055369"
"5032 High Valley Dr",3370000,5,5.5,8398,"2025-05-01T07:00:00Z","YES","https://www.redfin.com/TN/Brentwood/5032-High-Valley-Dr-37027/home/68778107"
"217 Olive Branch Rd",3600000,5,6.5,6469,"2025-04-02T07:00:00Z","YES","https://www.redfin.com/TN/Nashville/217-Olive-Branch-Rd-37205/home/108114148"
"1402 Beechwood Ave",3954789,4,5,4675,"2025-04-10T07:00:00Z","YES","https://www.redfin.com/TN/Nashville/1402-Beechwood-Ave-37212/home/108125529"
"4408 Soper Ave",4050000,5,6,6507,"2025-03-31T07:00:00Z","YES","https://www.redfin.com/TN/Nashville/4408-Soper-Ave-37204/home/108004647"
"4418 Wayland Dr",4200000,5,6,5100,"2025-06-03T07:00:00Z","YES","https://www.redfin.com/TN/Nashville/4418-Wayland-Dr-37215/home/108055149"
"1806 Castleman Dr",5167715,4,5,5108,"2025-06-03T07:00:00Z","YES","https://www.redfin.com/TN/Nashville/1806-Castleman-Dr-37215/home/108054413"
"1003 Grassland Ln",5435000,6,6.5,2796,"2025-05-13T07:00:00Z","NO (outlier)","https://www.redfin.com/TN/Nashville/1003-Grassland-Ln-37220/home/87829736"
"404 W Brookfield Ave",6700000,4,3.5,6871,"2025-06-24T07:00:00Z","NO (outlier)","https://www.redfin.com/TN/Nashville/404-W-Brookfield-Ave-37205/home/60841644"
"1314 Page Rd",6850000,6,5.5,7571,"2025-04-28T07:00:00Z","NO (outlier)","https://www.redfin.com/TN/Nashville/1314-Page-Rd-37205/home/108095315"
"1616 West End Ave #3303",7600000,3,3.5,3455,"2025-03-27T07:00:00Z","NO (outlier)","https://www.redfin.com/TN/Nashville/1616-West-End-Ave-37203/unit-3303/home/173571322"