# Phoenix, AZ Baseline Calculation Summary
# Generated: 2025-06-25T06:44:54.806Z
# Baseline Period: 90 days
# Total Sales Found: 350
# Sales Used for Baseline: 343
# Outliers Removed: 7
# Calculated Baseline: $460,000
# Price Range (after outliers): $150,000 - $3,780,000
# Median Calculation: Middle value: $460,000
#
address,price,beds,baths,sqft,lastSoldDate,included_in_baseline,url
"1402 W Estes Way",60000,0,0,1248,"2025-05-30T07:00:00Z","NO (outlier)","https://www.redfin.com/AZ/Phoenix/1402-W-Estes-Way-85041/home/27846167"
"8437 S 21st Pl",110000,0,0,0,"2025-06-05T07:00:00Z","NO (outlier)","https://www.redfin.com/AZ/Phoenix/8437-S-21st-Pl-85042/home/28379912"
"9035 W Elm St #3",120000,0,2,803,"2025-06-10T07:00:00Z","NO (outlier)","https://www.redfin.com/AZ/Phoenix/9035-W-Elm-St-85037/unit-3/home/28384466"
"349 E Thomas Rd #402",150000,0,1,754,"2025-06-13T07:00:00Z","YES","https://www.redfin.com/AZ/Phoenix/349-E-Thomas-Rd-85012/unit-402/home/27485383"
"1341 W Fillmore St",153000,0,0,0,"2025-05-21T07:00:00Z","YES","https://www.redfin.com/AZ/Phoenix/1341-W-Fillmore-St-85007/home/27972875"
"351 E Thomas Rd Unit D106",155500,1,1,754,"2025-06-09T07:00:00Z","YES","https://www.redfin.com/AZ/Phoenix/351-E-Thomas-Rd-85012/unit-D106/home/28052410"
"2121 W Royal Palm Rd #2100",160000,0,1,632,"2025-05-23T07:00:00Z","YES","https://www.redfin.com/AZ/Phoenix/2121-W-Royal-Palm-Rd-85021/unit-2100/home/28204741"
"00 N 5th Ave Unit -",175000,0,0,0,"2025-06-06T07:00:00Z","YES","https://www.redfin.com/AZ/Phoenix/0-N-5th-Ave-85003/Unit/home/195922841"
"2121 W Royal Palm Rd #1033",179000,0,2,706,"2025-05-27T07:00:00Z","YES","https://www.redfin.com/AZ/Phoenix/2121-W-Royal-Palm-Rd-85021/unit-1033/home/28188115"
"6531 N 44th Ave",195000,0,2,1576,"2025-04-02T07:00:00Z","YES","https://www.redfin.com/AZ/Glendale/6531-N-44th-Ave-85301/home/28373567"
"10410 N Cave Creek Rd #1078",200000,1,1,789,"2025-05-16T07:00:00Z","YES","https://www.redfin.com/AZ/Phoenix/10410-N-Cave-Creek-Rd-85020/unit-1078/home/28154226"
"8501 W Mitchell Dr",203000,4,2,1947,"2025-05-19T07:00:00Z","YES","https://www.redfin.com/AZ/Phoenix/8501-W-Mitchell-Dr-85037/home/27367649"
"738 E Vogel Ave",204000,1,1,672,"2025-05-09T07:00:00Z","YES","https://www.redfin.com/AZ/Phoenix/738-E-Vogel-Ave-85020/home/194575873"
"3137 W McKinley St",205000,0,1,916,"2025-03-31T07:00:00Z","YES","https://www.redfin.com/AZ/Phoenix/3137-W-McKinley-St-85009/home/26886031"
"1205 E Townley Ave",207000,3,1.5,1023,"2025-04-29T07:00:00Z","YES","https://www.redfin.com/AZ/Phoenix/1205-E-Townley-Ave-85020/home/27550277"
"5818 S 41st Ave",210000,0,0,1040,"2025-05-14T07:00:00Z","YES","https://www.redfin.com/AZ/Phoenix/5818-S-41st-Ave-85041/home/27692136"
"4223 N 23rd Ave",222500,0,1,1227,"2025-06-16T07:00:00Z","YES","https://www.redfin.com/AZ/Phoenix/4223-N-23rd-Ave-85015/home/28048837"
"3015 W Angela Dr",225000,3,2,1586,"2025-05-02T07:00:00Z","YES","https://www.redfin.com/AZ/Phoenix/3015-W-Angela-Dr-85053/home/27755184"
"3737 E Turney Ave #207",225000,0,3,1696,"2025-05-29T07:00:00Z","YES","https://www.redfin.com/AZ/Phoenix/3737-E-Turney-Ave-85018/unit-207/home/27536629"
"1622 E Campbell Ave Unit H",229000,0,2,852,"2025-05-07T07:00:00Z","YES","https://www.redfin.com/AZ/Phoenix/1622-E-Campbell-Ave-85016/unit-H/home/27930720"
"15406 N 2nd St",232500,0,2,1369,"2025-04-03T07:00:00Z","YES","https://www.redfin.com/AZ/Phoenix/15406-N-2nd-St-85022/home/27976401"
"2114 W Rancho Dr",233000,0,2,1334,"2025-06-18T07:00:00Z","YES","https://www.redfin.com/AZ/Phoenix/2114-W-Rancho-Dr-85015/home/28019222"
"2726 E Dahlia Dr",235000,0,1,1374,"2025-04-01T07:00:00Z","YES","https://www.redfin.com/AZ/Phoenix/2726-E-Dahlia-Dr-85032/home/27473389"
"5525 E Thomas Rd Unit I5",235000,0,2,982,"2025-03-28T07:00:00Z","YES","https://www.redfin.com/AZ/Phoenix/5525-E-Thomas-Rd-85018/unit-I5/home/27507587"
"351 E Thomas Rd #106",235000,0,2,1102,"2025-04-09T07:00:00Z","YES","https://www.redfin.com/AZ/Phoenix/351-E-Thomas-Rd-85012/unit-106/home/27974277"
"9405 S 14th Ave",235500,3,2,1057,"2025-04-08T07:00:00Z","YES","https://www.redfin.com/AZ/Phoenix/9405-S-14th-Ave-85041/home/27338789"
"7320 W Minnezona Ave",238000,0,2,1132,"2025-06-02T07:00:00Z","YES","https://www.redfin.com/AZ/Phoenix/7320-W-Minnezona-Ave-85033/home/27952382"
"2922 W Cactus Rd",242000,3,2,1500,"2025-04-01T07:00:00Z","YES","https://www.redfin.com/AZ/Phoenix/2922-W-Cactus-Rd-85029/home/27098062"
"1920 E Bell Rd #1116",250000,2,2.5,1344,"2025-05-30T07:00:00Z","YES","https://www.redfin.com/AZ/Phoenix/1920-E-Bell-Rd-85022/unit-1116/home/28296352"
"4612 N 50th Dr",250000,0,2,1140,"2025-06-17T07:00:00Z","YES","https://www.redfin.com/AZ/Phoenix/4612-N-50th-Dr-85031/home/27271438"
"2036 S 86th Ln",250000,0,2,1258,"2025-05-12T07:00:00Z","YES","https://www.redfin.com/AZ/Tolleson/2036-S-86th-Ln-85353/home/27508175"
"1501 W Mckinley St",254000,0,0,0,"2025-05-09T07:00:00Z","YES","https://www.redfin.com/AZ/Phoenix/1501-W-McKinley-St-85007/home/27023158"
"10017 W Turney Ave",255000,0,3,1989,"2025-04-09T07:00:00Z","YES","https://www.redfin.com/AZ/Phoenix/10017-W-Turney-Ave-85037/home/27922346"
"16401 N 32nd Way",260000,2,2,1240,"2025-04-30T07:00:00Z","YES","https://www.redfin.com/AZ/Phoenix/16401-N-32nd-Way-85032/home/28134540"
"2235 W Baseline Rd",260000,0,0,0,"2025-05-02T07:00:00Z","YES","https://www.redfin.com/AZ/Phoenix/2235-W-Baseline-Rd-85041/home/167694178"
"5124 N 31st Pl #514",261000,0,1,1073,"2025-06-18T07:00:00Z","YES","https://www.redfin.com/AZ/Phoenix/5124-N-31st-Pl-85016/unit-514/home/27392401"
"2750 W Meadowbrook Ave",265000,2,2,899,"2025-04-18T07:00:00Z","YES","https://www.redfin.com/AZ/Phoenix/2750-W-Meadowbrook-Ave-85017/home/27895037"
"4411 N 36th Dr",267000,0,2,1209,"2025-06-02T07:00:00Z","YES","https://www.redfin.com/AZ/Phoenix/4411-N-36th-Dr-85019/home/28236406"
"5529 W Virginia Ave",267500,3,2,1678,"2025-05-19T07:00:00Z","YES","https://www.redfin.com/AZ/Phoenix/5529-W-Virginia-Ave-85035/home/27606476"
"17243 N 16th St #24",268000,0,2,1047,"2025-05-09T07:00:00Z","YES","https://www.redfin.com/AZ/Phoenix/17243-N-16th-St-85022/unit-24/home/28271988"
"2260 W Harmont Dr",270000,2,2.5,1414,"2025-03-31T07:00:00Z","YES","https://www.redfin.com/AZ/Phoenix/2260-W-Harmont-Dr-85021/home/173702613"
"2608 W Van Buren St",270000,0,0,0,"2025-05-13T07:00:00Z","YES","https://www.redfin.com/AZ/Phoenix/2608-W-Van-Buren-St-85009/home/28216283"
"15650 N 19th Ave Unit 1C",270900,0,4,1564,"2025-03-27T07:00:00Z","YES","https://www.redfin.com/AZ/Phoenix/15650-N-19th-Ave-85023/unit-1C/home/27606483"
"1754 E Alta Vista Rd",273000,4,2,1628,"2025-06-18T07:00:00Z","YES","https://www.redfin.com/AZ/Phoenix/1754-E-Alta-Vista-Rd-85042/home/27276409"
"8732 W Clarendon Ave",273000,0,2,1636,"2025-06-12T07:00:00Z","YES","https://www.redfin.com/AZ/Phoenix/8732-W-Clarendon-Ave-85037/home/27498974"
"2715 E Windsor Ave",280000,3,2,1314,"2025-05-22T07:00:00Z","YES","https://www.redfin.com/AZ/Phoenix/2715-E-Windsor-Ave-85008/home/27294681"
"6708 N 31st Ln",285000,0,2,1711,"2025-04-01T07:00:00Z","YES","https://www.redfin.com/AZ/Phoenix/6708-N-31st-Ln-85017/home/28412948"
"3902 E Joan de Arc Ave",290000,0,2,1240,"2025-06-11T07:00:00Z","YES","https://www.redfin.com/AZ/Phoenix/3902-E-Joan-de-Arc-Ave-85032/home/27101916"
"17365 N Cave Creek Rd #121",291000,2,2.5,1196,"2025-04-17T07:00:00Z","YES","https://www.redfin.com/AZ/Phoenix/17365-N-Cave-Creek-Rd-85032/unit-121/home/28193671"
"4200 N 38th St #3",299000,0,1,650,"2025-05-19T07:00:00Z","YES","https://www.redfin.com/AZ/Phoenix/4200-N-38th-St-85018/unit-3/home/28273695"
"4142 N 11th St #4",299000,0,2,1012,"2025-04-09T07:00:00Z","YES","https://www.redfin.com/AZ/Phoenix/4142-N-11th-St-85014/unit-4/home/27351212"
"10235 W Veliana Way",299000,0,3,1528,"2025-04-22T07:00:00Z","YES","https://www.redfin.com/AZ/Tolleson/10235-W-Veliana-Way-85353/home/28391486"
"7515 S 28th Ter",299000,0,2,1205,"2025-04-01T07:00:00Z","YES","https://www.redfin.com/AZ/Phoenix/7515-S-28th-Ter-85042/home/28253134"
"1305 E Campbell Ave",299900,0,0,0,"2025-03-28T07:00:00Z","YES","https://www.redfin.com/AZ/Phoenix/1305-E-Campbell-Ave-85014/home/28388903"
"2326 N 48th Dr",300000,3,2,1161,"2025-04-11T07:00:00Z","YES","https://www.redfin.com/AZ/Phoenix/2326-N-48th-Dr-85035/home/27844292"
"1010 W Villa Rita Dr",300000,4,2,1843,"2025-03-31T07:00:00Z","YES","https://www.redfin.com/AZ/Phoenix/1010-W-Villa-Rita-Dr-85023/home/27235618"
"4806 W St Anne Ave",300000,0,3,1701,"2025-03-31T07:00:00Z","YES","https://www.redfin.com/AZ/Laveen/4806-W-St-Anne-Ave-85339/home/28379506"
"3501 E Carol Ann Way",300000,5,2,1980,"2025-06-18T07:00:00Z","YES","https://www.redfin.com/AZ/Phoenix/3501-E-Carol-Ann-Way-85032/home/27071980"
"1710 W Wickieup Ln",300000,0,2,1422,"2025-03-27T07:00:00Z","YES","https://www.redfin.com/AZ/Phoenix/1710-W-Wickieup-Ln-85027/home/27901187"
"10115 W Southern Ave",300000,0,0,0,"2025-05-23T07:00:00Z","YES","https://www.redfin.com/AZ/Tolleson/10115-W-Southern-Ave-85353/home/110011332"
"1320 E Bethany Home Rd #91",300000,0,2,952,"2025-03-28T07:00:00Z","YES","https://www.redfin.com/AZ/Phoenix/1320-E-Bethany-Home-Rd-85014/unit-91/home/27617207"
"3032 N 32nd St #61",300000,2,1,912,"2025-06-24T07:00:00Z","YES","https://www.redfin.com/AZ/Phoenix/3032-N-32nd-St-85018/unit-61/home/27494324"
"37027 N 19th St",300000,0,0,1568,"2025-04-14T07:00:00Z","YES","https://www.redfin.com/AZ/Phoenix/37027-N-19th-St-85086/home/27458071"
"8339 W Devonshire Ave",300000,3,2,1324,"2025-06-17T07:00:00Z","YES","https://www.redfin.com/AZ/Phoenix/8339-W-Devonshire-Ave-85037/home/27588579"
"4418 W Paradise Dr",305000,0,3,2654,"2025-04-02T07:00:00Z","YES","https://www.redfin.com/AZ/Glendale/4418-W-Paradise-Dr-85304/home/28051750"
"3238 W Altadena Ave",305000,3,2,1464,"2025-06-04T07:00:00Z","YES","https://www.redfin.com/AZ/Phoenix/3238-W-Altadena-Ave-85029/home/27447029"
"4616 E Piedmont Rd",306500,0,3,1195,"2025-05-29T07:00:00Z","YES","https://www.redfin.com/AZ/Phoenix/4616-E-Piedmont-Rd-85044/home/27938082"
"20813 N 9th Ave",307000,0,3,1290,"2025-06-04T07:00:00Z","YES","https://www.redfin.com/AZ/Phoenix/20813-N-9th-Ave-85027/home/27033247"
"1519 W Cocopah St",309000,3,2,1768,"2025-05-22T07:00:00Z","YES","https://www.redfin.com/AZ/Phoenix/1519-W-Cocopah-St-85007/home/27903718"
"12431 N 39th Way",310000,0,3,3001,"2025-04-16T07:00:00Z","YES","https://www.redfin.com/AZ/Phoenix/12431-N-39th-Way-85032/home/27976714"
"3301 W Portland St",310000,3,1,1184,"2025-04-30T07:00:00Z","YES","https://www.redfin.com/AZ/Phoenix/3301-W-Portland-St-85009/home/27352969"
"14622 N 37th St",317500,0,2,1350,"2025-05-06T07:00:00Z","YES","https://www.redfin.com/AZ/Phoenix/14622-N-37th-St-85032/home/27051730"
"17225 N 35th St",320000,0,2,1218,"2025-05-30T07:00:00Z","YES","https://www.redfin.com/AZ/Phoenix/17225-N-35th-St-85032/home/27139134"
"2010 N 24th Pl",320000,0,1,952,"2025-05-28T07:00:00Z","YES","https://www.redfin.com/AZ/Phoenix/2010-N-24th-Pl-85008/home/27511688"
"3422 W Poinsettia Dr",320000,3,2,1246,"2025-06-10T07:00:00Z","YES","https://www.redfin.com/AZ/Phoenix/3422-W-Poinsettia-Dr-85029/home/27837902"
"1030 E Bethany Home Rd #18",321000,0,2,1378,"2025-06-03T07:00:00Z","YES","https://www.redfin.com/AZ/Phoenix/1030-E-Bethany-Home-Rd-85014/unit-18/home/28192664"
"2139 W Whitton Ave",321000,3,2,1472,"2025-04-22T07:00:00Z","YES","https://www.redfin.com/AZ/Phoenix/2139-W-Whitton-Ave-85015/home/27409562"
"1214 E Las Palmaritas Dr",324900,0,2,1494,"2025-06-11T07:00:00Z","YES","https://www.redfin.com/AZ/Phoenix/1214-E-Las-Palmaritas-Dr-85020/home/28045584"
"5904 S 30th Ln",328250,4,2,1918,"2025-05-30T07:00:00Z","YES","https://www.redfin.com/AZ/Phoenix/5904-S-30th-Ln-85041/home/28363521"
"2929 W Sunnyside Dr",330000,3,2,1297,"2025-05-23T07:00:00Z","YES","https://www.redfin.com/AZ/Phoenix/2929-W-Sunnyside-Dr-85029/home/28041648"
"37517 N 22nd St",332000,0,0,1248,"2025-03-27T07:00:00Z","YES","https://www.redfin.com/AZ/Phoenix/37517-N-22nd-St-85086/home/27340610"
"2954 E Marco Polo Rd",333000,3,2,1662,"2025-04-18T07:00:00Z","YES","https://www.redfin.com/AZ/Phoenix/2954-E-Marco-Polo-Rd-85050/home/27382233"
"8640 W Mitchell Dr",333000,4,2,1651,"2025-05-30T07:00:00Z","YES","https://www.redfin.com/AZ/Phoenix/8640-W-Mitchell-Dr-85037/home/27774713"
"4525 N 66th St #65",336800,3,2,2109,"2025-06-10T07:00:00Z","YES","https://www.redfin.com/AZ/Scottsdale/4525-N-66th-St-85251/unit-65/home/27977957"
"1425 E Desert Cove Ave Unit 24A",340000,0,2,1592,"2025-05-14T07:00:00Z","YES","https://www.redfin.com/AZ/Phoenix/1425-E-Desert-Cove-Ave-85020/unit-24A/home/27573804"
"6619 W Whyman Ave",345000,3,2,1285,"2025-04-15T07:00:00Z","YES","https://www.redfin.com/AZ/Phoenix/6619-W-Whyman-Ave-85043/home/28011547"
"8106 W Watkins St",349000,4,2,1520,"2025-04-25T07:00:00Z","YES","https://www.redfin.com/AZ/Phoenix/8106-W-Watkins-St-85043/home/27821991"
"2822 N 90th Ave",349000,3,2,1334,"2025-06-19T07:00:00Z","YES","https://www.redfin.com/AZ/Phoenix/2822-N-90th-Ave-85037/home/27388911"
"16447 N 29th Ln",350000,2,2,1328,"2025-04-03T07:00:00Z","YES","https://www.redfin.com/AZ/Phoenix/16447-N-29th-Ln-85053/home/27902149"
"5043 N 69th Ave",350000,4,2,1603,"2025-04-30T07:00:00Z","YES","https://www.redfin.com/AZ/Glendale/5043-N-69th-Ave-85303/home/27895921"
"1814 W Kerry Ln",350000,0,2,1533,"2025-04-08T07:00:00Z","YES","https://www.redfin.com/AZ/Phoenix/1814-W-Kerry-Ln-85027/home/27627069"
"6610 S 25th Ave",350000,3,2,1288,"2025-06-02T07:00:00Z","YES","https://www.redfin.com/AZ/Phoenix/6610-S-25th-Ave-85041/home/28007306"
"3637 W Mulholland Dr",350000,0,0,0,"2025-06-02T07:00:00Z","YES","https://www.redfin.com/AZ/Phoenix/3637-W-Mulholland-Dr-85083/home/28186893"
"3217 E Desert Cove Ave",350000,0,2,1527,"2025-05-30T07:00:00Z","YES","https://www.redfin.com/AZ/Phoenix/3217-E-Desert-Cove-Ave-85028/home/28204377"
"7147 W Westview Dr",350000,3,1.75,1284,"2025-05-07T07:00:00Z","YES","https://www.redfin.com/AZ/Phoenix/7147-W-Westview-Dr-85033/home/28247082"
"1129 S 10th St",350000,3,2,1260,"2025-04-09T07:00:00Z","YES","https://www.redfin.com/AZ/Phoenix/1129-S-10th-St-85034/home/26905387"
"6119 W Highland Ave",350000,0,2,2157,"2025-06-04T07:00:00Z","YES","https://www.redfin.com/AZ/Phoenix/6119-W-Highland-Ave-85033/home/26945488"
"1614 W Mclellan Blvd",353775,3,2,1269,"2025-05-28T07:00:00Z","YES","https://www.redfin.com/AZ/Phoenix/1614-W-McLellan-Blvd-85015/home/195415918"
"4542 N 28th Dr",355000,3,2,1960,"2025-06-18T07:00:00Z","YES","https://www.redfin.com/AZ/Phoenix/4542-N-28th-Dr-85017/home/27209346"
"1736 E Bluefield Ave",355000,0,3,1350,"2025-05-13T07:00:00Z","YES","https://www.redfin.com/AZ/Phoenix/1736-E-Bluefield-Ave-85022/home/27882279"
"8226 W Whitton Ave",355000,0,2,1784,"2025-03-31T07:00:00Z","YES","https://www.redfin.com/AZ/Phoenix/8226-W-Whitton-Ave-85033/home/26897629"
"16034 N 23rd St",356000,0,1,1224,"2025-05-30T07:00:00Z","YES","https://www.redfin.com/AZ/Phoenix/16034-N-23rd-St-85022/home/144394062"
"12829 S Wakial Loop",360000,0,3,1380,"2025-04-24T07:00:00Z","YES","https://www.redfin.com/AZ/Phoenix/12829-S-Wakial-Loop-85044/home/27242273"
"4832 E Mineral Rd #5",360000,3,2,1224,"2025-04-04T07:00:00Z","YES","https://www.redfin.com/AZ/Phoenix/4832-E-Mineral-Rd-85044/unit-5/home/28055188"
"1807 W Claremont St",365000,2,2,1613,"2025-05-22T07:00:00Z","YES","https://www.redfin.com/AZ/Phoenix/1807-W-Claremont-St-85015/home/27209976"
"3138 W Glenrosa Ave",370000,5,2,1803,"2025-04-30T07:00:00Z","YES","https://www.redfin.com/AZ/Phoenix/3138-W-Glenrosa-Ave-85017/home/28110478"
"2150 W Alameda Rd #1327",370000,3,2.5,1478,"2025-05-13T07:00:00Z","YES","https://www.redfin.com/AZ/Phoenix/2150-W-Alameda-Rd-85085/unit-1327/home/27343132"
"19407 N 3rd Dr",370000,3,1.75,1327,"2025-04-10T07:00:00Z","YES","https://www.redfin.com/AZ/Phoenix/19407-N-3rd-Dr-85027/home/27657189"
"7537 N 35th Ave",370000,3,2,1777,"2025-05-09T07:00:00Z","YES","https://www.redfin.com/AZ/Phoenix/7537-N-35th-Ave-85051/home/27996971"
"6012 W Flower St",370000,3,2,1446,"2025-06-09T07:00:00Z","YES","https://www.redfin.com/AZ/Phoenix/6012-W-Flower-St-85033/home/27535259"
"1172 E Belmont Ave",372500,2,2,1368,"2025-05-15T07:00:00Z","YES","https://www.redfin.com/AZ/Phoenix/1172-E-Belmont-Ave-85020/home/27541502"
"2113 E Sunland Ave",372500,3,2.5,1951,"2025-04-01T07:00:00Z","YES","https://www.redfin.com/AZ/Phoenix/2113-E-Sunland-Ave-85040/home/28292647"
"608 N 28th St",373000,3,1.5,1477,"2025-04-29T07:00:00Z","YES","https://www.redfin.com/AZ/Phoenix/608-N-28th-St-85008/home/27791085"
"2418 E Cheery Lynn Rd",375000,0,1,1024,"2025-05-29T07:00:00Z","YES","https://www.redfin.com/AZ/Phoenix/2418-E-Cheery-Lynn-Rd-85016/home/27469381"
"3026 N 42nd Ave",375000,3,2,1734,"2025-05-05T07:00:00Z","YES","https://www.redfin.com/AZ/Phoenix/3026-N-42nd-Ave-85019/home/28111685"
"1314 E Wickieup Ln",375000,2,2,1032,"2025-05-05T07:00:00Z","YES","https://www.redfin.com/AZ/Phoenix/1314-E-Wickieup-Ln-85024/home/27240100"
"2649 N 85th Ave",375000,3,2,1251,"2025-05-21T07:00:00Z","YES","https://www.redfin.com/AZ/Phoenix/2649-N-85th-Ave-85037/home/27501297"
"1245 E Avenida Hermosa --",379000,2,2,1065,"2025-04-28T07:00:00Z","YES","https://www.redfin.com/AZ/Phoenix/1245-E-Avenida-Hermosa-85014/home/26972207"
"6840 W Beatrice St",380000,0,2,1392,"2025-06-03T07:00:00Z","YES","https://www.redfin.com/AZ/Phoenix/6840-W-Beatrice-St-85043/home/27492601"
"40713 N Apollo Way",382000,2,2,1350,"2025-05-29T07:00:00Z","YES","https://www.redfin.com/AZ/Anthem/40713-N-Apollo-Way-85086/home/27086006"
"2725 E Mine Creek Rd #1058",383000,0,3,1166,"2025-05-01T07:00:00Z","YES","https://www.redfin.com/AZ/Phoenix/2725-E-Mine-Creek-Rd-85024/unit-1058/home/28335704"
"925 E Garfield St",385000,0,1,822,"2025-03-31T07:00:00Z","YES","https://www.redfin.com/AZ/Phoenix/925-E-Garfield-St-85006/home/28354757"
"22 E Southgate Ave",385000,4,3,1800,"2025-06-04T07:00:00Z","YES","https://www.redfin.com/AZ/Phoenix/22-E-Southgate-Ave-85040/home/27454999"
"12042 N 30th Pl",385578,0,1,960,"2025-04-18T07:00:00Z","YES","https://www.redfin.com/AZ/Phoenix/12042-N-30th-Pl-85028/home/28257554"
"3124 W Taro Ln",387000,3,2,1462,"2025-05-28T07:00:00Z","YES","https://www.redfin.com/AZ/Phoenix/3124-W-Taro-Ln-85027/home/27565052"
"10739 W Coolidge St",387900,5,3,2221,"2025-04-16T07:00:00Z","YES","https://www.redfin.com/AZ/Phoenix/10739-W-Coolidge-St-85037/home/27472661"
"1915 W Colter St #104",389000,0,2,1416,"2025-04-29T07:00:00Z","YES","https://www.redfin.com/AZ/Phoenix/1915-W-Colter-St-85016/unit-104/home/27603654"
"3117 W Casino Ave",391000,3,2,1299,"2025-05-08T07:00:00Z","YES","https://www.redfin.com/AZ/Phoenix/3117-W-Casino-Ave-85083/home/28147550"
"1121 W Muriel Dr",394000,0,2,1193,"2025-05-13T07:00:00Z","YES","https://www.redfin.com/AZ/Phoenix/1121-W-Muriel-Dr-85023/home/28212723"
"1640 W Charleston Ave",395000,3,2,1566,"2025-06-18T07:00:00Z","YES","https://www.redfin.com/AZ/Phoenix/1640-W-Charleston-Ave-85023/home/27936696"
"4110 E La Puente Ave",395000,0,0,0,"2025-04-03T07:00:00Z","YES","https://www.redfin.com/AZ/Phoenix/4110-E-La-Puente-Ave-85044/home/27275141"
"4114 N 55th Ave",395000,4,2,1692,"2025-04-25T07:00:00Z","YES","https://www.redfin.com/AZ/Phoenix/4114-N-55th-Ave-85031/home/27092071"
"5104 N 32nd St #443",397500,2,2,1277,"2025-04-23T07:00:00Z","YES","https://www.redfin.com/AZ/Phoenix/5104-N-32nd-St-85018/unit-443/home/27993832"
"9840 W Avalon Dr",397990,3,2,1400,"2025-05-28T07:00:00Z","YES","https://www.redfin.com/AZ/Phoenix/9840-W-Avalon-Dr-85037/home/194222060"
"2727 W Libby St",399999,3,2,1505,"2025-05-30T07:00:00Z","YES","https://www.redfin.com/AZ/Phoenix/2727-W-Libby-St-85053/home/28102003"
"5218 W Stargazer Pl",400000,3,2,1371,"2025-04-24T07:00:00Z","YES","https://www.redfin.com/AZ/Laveen/5218-W-Stargazer-Pl-85339/home/175277391"
"24410 N 39th Ave",400000,0,3,1805,"2025-04-01T07:00:00Z","YES","https://www.redfin.com/AZ/Glendale/24410-N-39th-Ave-85310/home/27893210"
"17417 N 29th Ave",400000,4,2,1588,"2025-05-06T07:00:00Z","YES","https://www.redfin.com/AZ/Phoenix/17417-N-29th-Ave-85053/home/27006723"
"2828 E Windsong Dr",400000,0,4,2164,"2025-05-09T07:00:00Z","YES","https://www.redfin.com/AZ/Phoenix/2828-E-Windsong-Dr-85048/home/27947483"
"829 S 30th Ave",400000,0,0,1219,"2025-04-25T07:00:00Z","YES","https://www.redfin.com/AZ/Phoenix/829-S-30th-Ave-85009/home/27720920"
"16409 S 33rd St",403500,3,2.5,2078,"2025-03-28T07:00:00Z","YES","https://www.redfin.com/AZ/Phoenix/16409-S-33rd-St-85048/home/27559395"
"5752 W Novak Way",405000,3,2,1889,"2025-06-12T07:00:00Z","YES","https://www.redfin.com/AZ/Laveen/5752-W-Novak-Way-85339/home/28243496"
"3029 N 83rd Ln",405000,4,2,1784,"2025-06-16T07:00:00Z","YES","https://www.redfin.com/AZ/Phoenix/3029-N-83rd-Ln-85037/home/27651264"
"16607 N 30th Ave",408000,2,2,1487,"2025-05-01T07:00:00Z","YES","https://www.redfin.com/AZ/Phoenix/16607-N-30th-Ave-85053/home/28363959"
"2637 E Marilyn Rd",410000,0,3,1594,"2025-06-04T07:00:00Z","YES","https://www.redfin.com/AZ/Phoenix/2637-E-Marilyn-Rd-85032/home/27873441"
"5716 S Daisy Patch Pl",413900,3,2,1628,"2025-05-20T07:00:00Z","YES","https://www.redfin.com/AZ/Phoenix/5716-S-Daisy-Patch-Pl-85040/home/183158216"
"4138 W Barbara Ave",414900,3,2,1752,"2025-06-06T07:00:00Z","YES","https://www.redfin.com/AZ/Phoenix/4138-W-Barbara-Ave-85051/home/27207104"
"5834 S Daisy Patch Pl",414900,3,2,1628,"2025-06-04T07:00:00Z","YES","https://www.redfin.com/AZ/Phoenix/5834-S-Daisy-Patch-Pl-85040/home/183158204"
"1542 E Galvin St",415000,3,2,1466,"2025-05-22T07:00:00Z","YES","https://www.redfin.com/AZ/Phoenix/1542-E-Galvin-St-85086/home/27520041"
"422 E Taro Ln",415000,3,2.5,1663,"2025-04-07T07:00:00Z","YES","https://www.redfin.com/AZ/Phoenix/422-E-Taro-Ln-85024/home/26878456"
"1326 N Central Ave #203",420000,2,2,1557,"2025-06-16T07:00:00Z","YES","https://www.redfin.com/AZ/Phoenix/1326-N-Central-Ave-85004/unit-203/home/27521260"
"1220 E Utopia Rd",420000,0,2,1311,"2025-04-07T07:00:00Z","YES","https://www.redfin.com/AZ/Phoenix/1220-E-Utopia-Rd-85024/home/27261860"
"402 E Thunderbird Trl",420000,0,2,1571,"2025-06-17T07:00:00Z","YES","https://www.redfin.com/AZ/Phoenix/402-E-Thunderbird-Trl-85042/home/27439531"
"2922 W Mariposa St",420000,4,2,1855,"2025-06-05T07:00:00Z","YES","https://www.redfin.com/AZ/Phoenix/2922-W-Mariposa-St-85017/home/27385966"
"3752 W Becker Ln",420000,4,2,1790,"2025-05-23T07:00:00Z","YES","https://www.redfin.com/AZ/Phoenix/3752-W-Becker-Ln-85029/home/28097761"
"4202 S 76th Ln",425000,4,2,1695,"2025-06-17T07:00:00Z","YES","https://www.redfin.com/AZ/Phoenix/4202-S-76th-Ln-85043/home/28016579"
"9413 W Pioneer St",425000,5,3,2348,"2025-03-31T07:00:00Z","YES","https://www.redfin.com/AZ/Tolleson/9413-W-Pioneer-St-85353/home/27399741"
"1802 W Citrus Way",425000,3,1.75,1566,"2025-04-29T07:00:00Z","YES","https://www.redfin.com/AZ/Phoenix/1802-W-Citrus-Way-85015/home/27210406"
"3937 E Orchid Ln",427000,0,3,1420,"2025-04-04T07:00:00Z","YES","https://www.redfin.com/AZ/Phoenix/3937-E-Orchid-Ln-85044/home/28048810"
"3330 E Gelding Dr",427500,0,2,1930,"2025-04-08T07:00:00Z","YES","https://www.redfin.com/AZ/Phoenix/3330-E-Gelding-Dr-85032/home/27512867"
"7857 N 21st Ave",430000,3,3.5,1637,"2025-06-18T07:00:00Z","YES","https://www.redfin.com/AZ/Phoenix/7857-N-21st-Ave-85021/home/26860714"
"3638 E Monterosa St #5",430000,0,2,962,"2025-04-11T07:00:00Z","YES","https://www.redfin.com/AZ/Phoenix/3638-E-Monterosa-St-85018/unit-5/home/27822253"
"5122 E Shea Blvd #2107",435000,2,2,1086,"2025-04-15T07:00:00Z","YES","https://www.redfin.com/AZ/Scottsdale/5122-E-Shea-Blvd-85254/unit-2107/home/27718102"
"3648 W Medinah Ct",435000,3,2,1442,"2025-03-27T07:00:00Z","YES","https://www.redfin.com/AZ/Anthem/3648-W-Medinah-Ct-85086/home/27996543"
"707 W Coles Rd",438000,3,2,1697,"2025-05-28T07:00:00Z","YES","https://www.redfin.com/AZ/Phoenix/707-W-Coles-Rd-85041/home/27790900"
"7027 S 32nd Pl",445000,3,2,1439,"2025-04-01T07:00:00Z","YES","https://www.redfin.com/AZ/Phoenix/7027-S-32nd-Pl-85042/home/28098002"
"25222 N 40th Ave",445000,0,3,1567,"2025-04-03T07:00:00Z","YES","https://www.redfin.com/AZ/Phoenix/25222-N-40th-Ave-85083/home/28356227"
"1934 E Brill St",449000,2,1,1040,"2025-04-02T07:00:00Z","YES","https://www.redfin.com/AZ/Phoenix/1934-E-Brill-St-85006/home/27418553"
"12212 N Paradise Village Pkwy S #436",450000,2,2,1256,"2025-03-31T07:00:00Z","YES","https://www.redfin.com/AZ/Phoenix/12212-N-Paradise-Village-Pkwy-S-85032/unit-436/home/27860485"
"5225 W Siesta Way",450000,0,4,3029,"2025-06-05T07:00:00Z","YES","https://www.redfin.com/AZ/Laveen/5225-W-Siesta-Way-85339/home/27653974"
"3534 E Ludlow Dr",450000,3,2,1240,"2025-04-25T07:00:00Z","YES","https://www.redfin.com/AZ/Phoenix/3534-E-Ludlow-Dr-85032/home/28386894"
"2328 E Marguerite Ave",451935,4,3,1961,"2025-05-19T07:00:00Z","YES","https://www.redfin.com/AZ/Phoenix/2328-E-Marguerite-Ave-85040/home/172968220"
"10608 W Sonrisas St",452340,4,2,1696,"2025-05-30T07:00:00Z","YES","https://www.redfin.com/AZ/Tolleson/10608-W-Sonrisas-St-85353/home/177276854"
"2631 E Jones Ave",454000,4,2,2047,"2025-04-10T07:00:00Z","YES","https://www.redfin.com/AZ/Phoenix/2631-E-Jones-Ave-85040/home/27597838"
"5122 E Shea Blvd #1094",460000,2,2.5,1246,"2025-05-01T07:00:00Z","YES","https://www.redfin.com/AZ/Scottsdale/5122-E-Shea-Blvd-85254/unit-1094/home/28179386"
"1523 W Flynn Ln",460000,0,2,2272,"2025-04-18T07:00:00Z","YES","https://www.redfin.com/AZ/Phoenix/1523-W-Flynn-Ln-85015/home/27813576"
"3530 E Nisbet Rd",461262,0,1,1653,"2025-04-16T07:00:00Z","YES","https://www.redfin.com/AZ/Phoenix/3530-E-Nisbet-Rd-85032/home/26890562"
"3333 E Long Lake Rd",465000,0,4,2046,"2025-05-12T07:00:00Z","YES","https://www.redfin.com/AZ/Phoenix/3333-E-Long-Lake-Rd-85048/home/27357847"
"4443 N 23rd Pl",465000,3,1,949,"2025-03-28T07:00:00Z","YES","https://www.redfin.com/AZ/Phoenix/4443-N-23rd-Pl-85016/home/27214769"
"5826 S Daisy Patch Pl",467390,4,3,1961,"2025-04-03T07:00:00Z","YES","https://www.redfin.com/AZ/Phoenix/5826-S-Daisy-Patch-Pl-85040/home/194004470"
"40716 N Hudson Trl",469900,4,2,1827,"2025-03-28T07:00:00Z","YES","https://www.redfin.com/AZ/Anthem/40716-N-Hudson-Trl-85086/home/28120398"
"3432 E Waltann Ln",470000,0,2,1428,"2025-05-14T07:00:00Z","YES","https://www.redfin.com/AZ/Phoenix/3432-E-Waltann-Ln-85032/home/27982886"
"2910 E Avenida Olivos --",470000,3,2,1380,"2025-05-14T07:00:00Z","YES","https://www.redfin.com/AZ/Phoenix/2910-E-Avenida-Olivos-85016/home/26973369"
"5308 N 2nd Ave",475000,2,1.75,1452,"2025-05-29T07:00:00Z","YES","https://www.redfin.com/AZ/Phoenix/5308-N-2nd-Ave-85013/home/27734097"
"402 W Flower St",476200,3,2,1922,"2025-05-15T07:00:00Z","YES","https://www.redfin.com/AZ/Phoenix/402-W-Flower-St-85013/home/28162191"
"339 N Laurel Ave #1",482000,0,2,1050,"2025-04-15T07:00:00Z","YES","https://www.redfin.com/AZ/Phoenix/339-N-Laurel-Ave-85007/unit-1/home/27290050"
"24809 N 41 Ave",490000,3,2.5,1816,"2025-05-05T07:00:00Z","YES","https://www.redfin.com/AZ/Glendale/24809-N-41st-Ave-85310/home/27627183"
"4508 E Paso Trl",495000,4,2,2486,"2025-05-12T07:00:00Z","YES","https://www.redfin.com/AZ/Phoenix/4508-E-Paso-Trl-85050/home/27898915"
"1022 E Keim Dr",495000,3,2,1710,"2025-06-06T07:00:00Z","YES","https://www.redfin.com/AZ/Phoenix/1022-E-Keim-Dr-85014/home/27449540"
"4946 W Evans Dr",499000,4,2.5,2361,"2025-04-21T07:00:00Z","YES","https://www.redfin.com/AZ/Glendale/4946-W-Evans-Dr-85306/home/26993810"
"4757 E Goldfinch Gate Ln",500000,3,2.75,1510,"2025-06-09T07:00:00Z","YES","https://www.redfin.com/AZ/Phoenix/4757-E-Goldfinch-Gate-Ln-85044/home/27582933"
"5100 E Rancho Paloma Dr #2078",500000,2,2,1420,"2025-05-29T07:00:00Z","YES","https://www.redfin.com/AZ/Cave-Creek/5100-E-Rancho-Paloma-Dr-85331/unit-2078/home/167615961"
"500 W Coolidge St",500000,0,1,1026,"2025-05-15T07:00:00Z","YES","https://www.redfin.com/AZ/Phoenix/500-W-Coolidge-St-85013/home/27935528"
"3935 E Rough Rider Rd #1368",500000,2,2,1696,"2025-03-31T07:00:00Z","YES","https://www.redfin.com/AZ/Phoenix/3935-E-Rough-Rider-Rd-85050/unit-1368/home/28356937"
"4555 N 89th Ave",505000,0,3,1762,"2025-06-04T07:00:00Z","YES","https://www.redfin.com/AZ/Phoenix/4555-N-89th-Ave-85037/home/27401237"
"744 W Maddock Rd",510000,0,3,1639,"2025-03-28T07:00:00Z","YES","https://www.redfin.com/AZ/Phoenix/744-W-Maddock-Rd-85086/home/28402944"
"3113 N 97th Ln",511490,4,3,2150,"2025-05-29T07:00:00Z","YES","https://www.redfin.com/AZ/Phoenix/3113-N-97th-Ln-85037/home/195513091"
"6239 N 20th Dr",515000,4,2,1772,"2025-04-10T07:00:00Z","YES","https://www.redfin.com/AZ/Phoenix/6239-N-20th-Dr-85015/home/28265936"
"3121 N 97th Ln",519490,4,3,2105,"2025-05-29T07:00:00Z","YES","https://www.redfin.com/AZ/Phoenix/3121-N-97th-Ln-85037/home/195513176"
"18421 N 12th Way",520000,4,2.5,2014,"2025-04-10T07:00:00Z","YES","https://www.redfin.com/AZ/Phoenix/18421-N-12th-Way-85022/home/28261958"
"615 E Portland St #112",522300,0,0,0,"2025-04-21T07:00:00Z","YES","https://www.redfin.com/AZ/Phoenix/615-E-Portland-St-85004/unit-112/home/28375785"
"5220 E Winchcomb Dr",525000,3,2,1597,"2025-06-03T07:00:00Z","YES","https://www.redfin.com/AZ/Scottsdale/5220-E-Winchcomb-Dr-85254/home/27453105"
"4246 E Desert Sky Ct",525000,0,3,1782,"2025-05-28T07:00:00Z","YES","https://www.redfin.com/AZ/Cave-Creek/4246-E-Desert-Sky-Ct-85331/home/28064893"
"21628 N 46th Pl",530000,0,3,1610,"2025-04-30T07:00:00Z","YES","https://www.redfin.com/AZ/Phoenix/21628-N-46th-Pl-85050/home/28079022"
"3914 E Surrey Ave",530000,4,2,1768,"2025-04-21T07:00:00Z","YES","https://www.redfin.com/AZ/Phoenix/3914-E-Surrey-Ave-85032/home/27675233"
"1115 E Mcneil St",532990,3,2.5,1983,"2025-04-08T07:00:00Z","YES","https://www.redfin.com/AZ/Phoenix/1115-S-McNeil-St-85042/home/194231245"
"4004 W Westcott Dr",535000,4,3,3067,"2025-03-28T07:00:00Z","YES","https://www.redfin.com/AZ/Glendale/4004-W-Westcott-Dr-85308/home/27260011"
"1124 E Rose Ln #14",535000,0,4,1959,"2025-04-01T07:00:00Z","YES","https://www.redfin.com/AZ/Phoenix/1124-E-Rose-Ln-85014/unit-14/home/28091162"
"16634 N 33rd Way",540000,4,2,1638,"2025-04-03T07:00:00Z","YES","https://www.redfin.com/AZ/Phoenix/16634-N-33rd-Way-85032/home/27463012"
"1824 W State Ave",540000,3,2,1684,"2025-04-24T07:00:00Z","YES","https://www.redfin.com/AZ/Phoenix/1824-W-State-Ave-85021/home/26966400"
"2510 E Knudsen Dr",543200,3,2,1460,"2025-04-30T07:00:00Z","YES","https://www.redfin.com/AZ/Phoenix/2510-E-Knudsen-Dr-85024/home/27024169"
"2125 W Berridge Ln",544000,4,2,1849,"2025-03-28T07:00:00Z","YES","https://www.redfin.com/AZ/Phoenix/2125-W-Berridge-Ln-85015/home/27210400"
"1035 E Desert Cove Ave",545000,2,2,1735,"2025-05-22T07:00:00Z","YES","https://www.redfin.com/AZ/Phoenix/1035-E-Desert-Cove-Ave-85020/home/27505533"
"12436 S 38th Pl",545000,3,2,1740,"2025-05-16T07:00:00Z","YES","https://www.redfin.com/AZ/Phoenix/12436-S-38th-Pl-85044/home/27925455"
"1138 W Monterosa St",550000,0,0,1643,"2025-05-09T07:00:00Z","YES","https://www.redfin.com/AZ/Phoenix/1138-W-Monterosa-St-85013/home/28163627"
"1306 W Heatherbrae Dr",555000,2,2,1292,"2025-05-30T07:00:00Z","YES","https://www.redfin.com/AZ/Phoenix/1306-W-Heatherbrae-Dr-85013/home/27395263"
"917 W Desert Hills Dr Unit D",563000,0,3,1600,"2025-05-29T07:00:00Z","YES","https://www.redfin.com/AZ/Phoenix/917-W-Desert-Hills-Dr-85086/unit-D/home/27924297"
"333 W Seldon Ln",565000,3,2,2018,"2025-06-09T07:00:00Z","YES","https://www.redfin.com/AZ/Phoenix/333-W-Seldon-Ln-85021/home/27213414"
"5841 N 12th Pl",570000,0,2,1597,"2025-06-03T07:00:00Z","YES","https://www.redfin.com/AZ/Phoenix/5841-N-12th-Pl-85014/home/28314746"
"5350 E Deer Valley Dr #4268",575000,2,2,1246,"2025-04-21T07:00:00Z","YES","https://www.redfin.com/AZ/Phoenix/5350-E-Deer-Valley-Dr-85054/unit-4268/home/39964340"
"3710 E Mercer Ln",575000,5,3,2525,"2025-06-13T07:00:00Z","YES","https://www.redfin.com/AZ/Phoenix/3710-E-Mercer-Ln-85028/home/27273070"
"2989 N 44th St #3047",578500,3,2,1743,"2025-04-02T07:00:00Z","YES","https://www.redfin.com/AZ/Phoenix/2989-N-44th-St-85018/unit-3047/home/27297456"
"1901 W Weldon Ave",579000,0,0,2738,"2025-06-13T07:00:00Z","YES","https://www.redfin.com/AZ/Phoenix/1901-W-Weldon-Ave-85015/home/28039363"
"1415 N 15th Ave",590000,0,2,1626,"2025-05-15T07:00:00Z","YES","https://www.redfin.com/AZ/Phoenix/1415-N-15th-Ave-85007/home/27532366"
"5528 E Virginia Ave",590000,2,2,1573,"2025-06-19T07:00:00Z","YES","https://www.redfin.com/AZ/Phoenix/5528-E-Virginia-Ave-85008/home/27924188"
"15829 N 56th Way",597000,0,3,2016,"2025-05-27T07:00:00Z","YES","https://www.redfin.com/AZ/Scottsdale/15829-N-56th-Way-85254/home/28358904"
"4404 W Villa Linda Dr",600000,4,2.5,2348,"2025-05-23T07:00:00Z","YES","https://www.redfin.com/AZ/Glendale/4404-W-Villa-Linda-Dr-85310/home/28204000"
"4208 N 35th Pl",600000,0,2,1075,"2025-05-07T07:00:00Z","YES","https://www.redfin.com/AZ/Phoenix/4208-N-35th-Pl-85018/home/28080785"
"2516 E Taxidea Way",600000,4,2,1817,"2025-05-13T07:00:00Z","YES","https://www.redfin.com/AZ/Phoenix/2516-E-Taxidea-Way-85048/home/28427552"
"3702 E Laurel Ln",610000,3,2,1680,"2025-04-11T07:00:00Z","YES","https://www.redfin.com/AZ/Phoenix/3702-E-Laurel-Ln-85028/home/27691177"
"4625 E Villa Maria Dr",612500,3,2,1902,"2025-06-13T07:00:00Z","YES","https://www.redfin.com/AZ/Phoenix/4625-E-Villa-Maria-Dr-85032/home/27914949"
"14831 N 3rd Ave",615000,4,3,2799,"2025-04-25T07:00:00Z","YES","https://www.redfin.com/AZ/Phoenix/14831-N-3rd-Ave-85023/home/27741298"
"40316 N Central Ave",620000,0,5,3606,"2025-03-28T07:00:00Z","YES","https://www.redfin.com/AZ/Phoenix/40316-N-Central-Ave-85086/home/27446274"
"21028 N 58th Way",639990,3,2.5,1952,"2025-03-31T07:00:00Z","YES","https://www.redfin.com/AZ/Phoenix/21028-N-58th-Way-85054/home/183161301"
"15222 N 7th Pl",640000,0,3,2167,"2025-05-30T07:00:00Z","YES","https://www.redfin.com/AZ/Phoenix/15222-N-7th-Pl-85022/home/27113788"
"2728 E Mountain Sky Ave",650000,5,3,3302,"2025-05-01T07:00:00Z","YES","https://www.redfin.com/AZ/Phoenix/2728-E-Mountain-Sky-Ave-85048/home/27471612"
"2465 W Rowel Rd",650000,4,3.5,2511,"2025-06-06T07:00:00Z","YES","https://www.redfin.com/AZ/Phoenix/2465-W-Rowel-Rd-85085/home/194253512"
"5253 W Maya Way",650000,3,2,1916,"2025-03-31T07:00:00Z","YES","https://www.redfin.com/AZ/Phoenix/5253-W-Maya-Way-85083/home/28239360"
"4651 E Vernon Ave",650000,3,2,2070,"2025-05-21T07:00:00Z","YES","https://www.redfin.com/AZ/Phoenix/4651-E-Vernon-Ave-85008/home/27959740"
"1107 W Tamarisk St",650000,4,2,2907,"2025-03-28T07:00:00Z","YES","https://www.redfin.com/AZ/Phoenix/1107-W-Tamarisk-St-85041/home/28022900"
"21126 N 58th St",663185,3,2.5,1743,"2025-05-15T07:00:00Z","YES","https://www.redfin.com/AZ/Phoenix/21126-N-58th-St-85054/home/183161439"
"3105 E Hiddenview Dr",665000,0,3,2231,"2025-05-28T07:00:00Z","YES","https://www.redfin.com/AZ/Phoenix/3105-E-Hiddenview-Dr-85048/home/28040407"
"3002 N 53rd Pl",665000,4,2,1704,"2025-05-02T07:00:00Z","YES","https://www.redfin.com/AZ/Phoenix/3002-N-53rd-Pl-85018/home/27161571"
"4223 E Earll Dr",665000,3,2,1155,"2025-05-15T07:00:00Z","YES","https://www.redfin.com/AZ/Phoenix/4223-E-Earll-Dr-85018/home/27854072"
"8442 N 18th St",670000,3,2,1676,"2025-03-31T07:00:00Z","YES","https://www.redfin.com/AZ/Phoenix/8442-N-18th-St-85020/home/28257358"
"19 E Boca Raton Rd",675000,2,2.5,2150,"2025-06-18T07:00:00Z","YES","https://www.redfin.com/AZ/Phoenix/19-E-Boca-Raton-Rd-85022/home/26966545"
"2327 E Mine Creek Rd",680000,3,2.5,2236,"2025-05-15T07:00:00Z","YES","https://www.redfin.com/AZ/Phoenix/2327-E-Mine-Creek-Rd-85024/home/28417855"
"3431 E Kristal Way",689000,4,2,1899,"2025-05-07T07:00:00Z","YES","https://www.redfin.com/AZ/Phoenix/3431-E-Kristal-Way-85050/home/28318184"
"23914 N 25th Way",689000,5,3,2727,"2025-03-27T07:00:00Z","YES","https://www.redfin.com/AZ/Phoenix/23914-N-25th-Way-85024/home/27782787"
"4643 E Villa Maria Dr",699999,3,2.5,2618,"2025-04-17T07:00:00Z","YES","https://www.redfin.com/AZ/Phoenix/4643-E-Villa-Maria-Dr-85032/home/27549408"
"126 W Butler Dr",700000,3,2,1920,"2025-04-22T07:00:00Z","YES","https://www.redfin.com/AZ/Phoenix/126-W-Butler-Dr-85021/home/26971841"
"36 E Irvine Rd",700000,0,4,2855,"2025-04-10T07:00:00Z","YES","https://www.redfin.com/AZ/Phoenix/36-E-Irvine-Rd-85086/home/27298119"
"3411 E Campbell Ave",700000,0,2,1683,"2025-04-01T07:00:00Z","YES","https://www.redfin.com/AZ/Phoenix/3411-E-Campbell-Ave-85018/home/27219463"
"42127 N Celebration Way",705000,3,2,1986,"2025-06-06T07:00:00Z","YES","https://www.redfin.com/AZ/Phoenix/42127-N-Celebration-Way-85086/home/28130913"
"5342 W West Wind Dr",705000,0,0,0,"2025-04-04T07:00:00Z","YES","https://www.redfin.com/AZ/Glendale/5342-W-West-Wind-Dr-85310/home/27300692"
"6225 N 10th Pl",710000,0,0,0,"2025-05-30T07:00:00Z","YES","https://www.redfin.com/AZ/Phoenix/6225-N-10th-Pl-85014/home/27737810"
"3740 E Piccadilly Rd",725000,0,2,1392,"2025-04-23T07:00:00Z","YES","https://www.redfin.com/AZ/Phoenix/3740-E-Piccadilly-Rd-85018/home/26839264"
"15221 N Clubgate Dr #1063",740000,2,2,1395,"2025-05-12T07:00:00Z","YES","https://www.redfin.com/AZ/Scottsdale/15221-N-Clubgate-Dr-85254/unit-1063/home/27799582"
"5114 E Hartford Ave",745000,4,3,1977,"2025-05-06T07:00:00Z","YES","https://www.redfin.com/AZ/Scottsdale/5114-E-Hartford-Ave-85254/home/175270707"
"2601 E Paradise Ln",750000,0,0,1032,"2025-05-27T07:00:00Z","YES","https://www.redfin.com/AZ/Phoenix/2601-E-Paradise-Ln-85032/home/26935548"
"6012 E Vernon Ave",750000,3,2,1860,"2025-03-31T07:00:00Z","YES","https://www.redfin.com/AZ/Scottsdale/6012-E-Vernon-Ave-85257/home/27470921"
"4839 E Eden Dr",750000,4,2.5,2570,"2025-06-04T07:00:00Z","YES","https://www.redfin.com/AZ/Cave-Creek/4839-E-Eden-Dr-85331/home/27270566"
"4514 E Mazatzal Dr",760000,4,2,2186,"2025-03-28T07:00:00Z","YES","https://www.redfin.com/AZ/Cave-Creek/4514-E-Mazatzal-Dr-85331/home/27755372"
"4403 E Briles Rd",780000,3,2,2250,"2025-04-04T07:00:00Z","YES","https://www.redfin.com/AZ/Phoenix/4403-E-Briles-Rd-85050/home/27280666"
"338 W Encanto Blvd",785000,3,3,1262,"2025-06-03T07:00:00Z","YES","https://www.redfin.com/AZ/Phoenix/338-W-Encanto-Blvd-85003/home/28226092"
"841 E Ashurst Dr",795000,3,3,1969,"2025-04-30T07:00:00Z","YES","https://www.redfin.com/AZ/Phoenix/841-E-Ashurst-Dr-85048/home/173028724"
"2040 E Indigo Brush Rd",798000,4,2,2312,"2025-05-12T07:00:00Z","YES","https://www.redfin.com/AZ/Phoenix/2040-E-Indigo-Brush-Rd-85048/home/27281282"
"1857 E Cinnabar Ave",800000,0,3,3352,"2025-04-24T07:00:00Z","YES","https://www.redfin.com/AZ/Phoenix/1857-E-Cinnabar-Ave-85020/home/28316865"
"5016 E Cheery Lynn Rd",800000,3,2,2044,"2025-04-01T07:00:00Z","YES","https://www.redfin.com/AZ/Phoenix/5016-E-Cheery-Lynn-Rd-85018/home/27462816"
"4220 N 32nd St #32",808000,4,4,1923,"2025-05-02T07:00:00Z","YES","https://www.redfin.com/AZ/Phoenix/4220-N-32nd-St-85018/unit-32/home/194227117"
"1021 E Myrtle Ave",810000,3,2,1958,"2025-04-03T07:00:00Z","YES","https://www.redfin.com/AZ/Phoenix/1021-E-Myrtle-Ave-85020/home/27852397"
"26123 N 20th Dr",815000,3,2.5,2391,"2025-03-31T07:00:00Z","YES","https://www.redfin.com/AZ/Phoenix/26123-N-20th-Dr-85085/home/175267896"
"2901 E Cortez St",825000,4,2,2047,"2025-04-03T07:00:00Z","YES","https://www.redfin.com/AZ/Phoenix/2901-E-Cortez-St-85028/home/27217130"
"13007 N 1st St",825000,5,2.75,2706,"2025-05-16T07:00:00Z","YES","https://www.redfin.com/AZ/Phoenix/13007-N-1st-St-85022/home/27769138"
"1240 E Friess Dr",830000,3,2,2391,"2025-04-04T07:00:00Z","YES","https://www.redfin.com/AZ/Phoenix/1240-E-Friess-Dr-85022/home/27400185"
"4634 E Wilshire Dr",833865,4,2.5,1994,"2025-05-27T07:00:00Z","YES","https://www.redfin.com/AZ/Phoenix/4634-E-Wilshire-Dr-85008/home/27587585"
"4902 E Fairmount Ave",840000,0,4,1651,"2025-06-02T07:00:00Z","YES","https://www.redfin.com/AZ/Phoenix/4902-E-Fairmount-Ave-85018/home/28263934"
"231 E Medlock Dr",845000,3,2.5,1910,"2025-06-13T07:00:00Z","YES","https://www.redfin.com/AZ/Phoenix/231-E-Medlock-Dr-85012/home/28031693"
"42123 N Long Cove Way",849000,3,3.5,3364,"2025-04-16T07:00:00Z","YES","https://www.redfin.com/AZ/Anthem/42123-N-Long-Cove-Way-85086/home/28209458"
"1679 E Saltsage Dr",850000,5,3,2950,"2025-04-16T07:00:00Z","YES","https://www.redfin.com/AZ/Phoenix/1679-E-Saltsage-Dr-85048/home/27576032"
"325 W Palm Ln",850000,3,2,1654,"2025-03-31T07:00:00Z","YES","https://www.redfin.com/AZ/Phoenix/325-W-Palm-Ln-85003/home/27358117"
"16009 N 6th Pl",875000,0,3,2688,"2025-05-15T07:00:00Z","YES","https://www.redfin.com/AZ/Phoenix/16009-N-6th-Pl-85022/home/28328929"
"4815 W Desert Hollow Dr",891410,3,3.5,2781,"2025-05-23T07:00:00Z","YES","https://www.redfin.com/AZ/Phoenix/4815-W-Desert-Hollow-Dr-85083/home/27643347"
"6202 E Joan DE Arc Ave",900000,3,2,2192,"2025-04-15T07:00:00Z","YES","https://www.redfin.com/AZ/Scottsdale/6202-E-Joan-de-Arc-Ave-85254/home/27939034"
"7809 S 43rd Pl",915000,4,3.5,3061,"2025-05-30T07:00:00Z","YES","https://www.redfin.com/AZ/Phoenix/7809-S-43rd-Pl-85042/home/147723128"
"325 W Cambridge Ave",925000,3,2,2006,"2025-05-15T07:00:00Z","YES","https://www.redfin.com/AZ/Phoenix/325-W-Cambridge-Ave-85003/home/28107754"
"1811 E Aurelius Ave",930765,3,3,2148,"2025-05-05T07:00:00Z","YES","https://www.redfin.com/AZ/Phoenix/1811-E-Aurelius-Ave-85020/home/27969564"
"16409 N 65th Pl",945000,4,2,2107,"2025-06-10T07:00:00Z","YES","https://www.redfin.com/AZ/Scottsdale/16409-N-65th-Pl-85254/home/28134609"
"1307 E Desert Broom Way",965000,4,3.5,3255,"2025-04-07T07:00:00Z","YES","https://www.redfin.com/AZ/Phoenix/1307-E-Desert-Broom-Way-85048/home/28058990"
"2843 E Los Gatos Dr",974900,3,2.5,2380,"2025-03-28T07:00:00Z","YES","https://www.redfin.com/AZ/Phoenix/2843-E-Los-Gatos-Dr-85050/home/167625328"
"6521 N 2nd St",975000,5,4,3240,"2025-06-13T07:00:00Z","YES","https://www.redfin.com/AZ/Phoenix/6521-N-2nd-St-85012/home/28158843"
"7827 N 3rd St",975000,3,2,2586,"2025-05-06T07:00:00Z","YES","https://www.redfin.com/AZ/Phoenix/7827-N-3rd-St-85020/home/27098101"
"554 W Southern Hills Rd",995000,4,3,3078,"2025-05-07T07:00:00Z","YES","https://www.redfin.com/AZ/Phoenix/554-W-Southern-Hills-Rd-85023/home/27378832"
"4039 E Williams Dr",997000,4,2,2215,"2025-05-01T07:00:00Z","YES","https://www.redfin.com/AZ/Phoenix/4039-E-Williams-Dr-85050/home/28111740"
"4209 N 45th St",1000000,0,2,1919,"2025-04-15T07:00:00Z","YES","https://www.redfin.com/AZ/Phoenix/4209-N-45th-St-85018/home/28405106"
"3831 E Highland Ave",1000000,0,3,1816,"2025-04-10T07:00:00Z","YES","https://www.redfin.com/AZ/Phoenix/3831-E-Highland-Ave-85018/home/27219389"
"3320 N Rose Circle Dr",1025000,4,3,2502,"2025-05-06T07:00:00Z","YES","https://www.redfin.com/AZ/Phoenix/3320-N-Rose-Circle-Dr-85018/home/26940153"
"4619 S 16th St",1050000,0,0,5152,"2025-06-02T07:00:00Z","YES","https://www.redfin.com/AZ/Phoenix/4619-S-16th-St-85040/home/28026758"
"3038 E Marlette Ave",1050000,3,3,2233,"2025-04-14T07:00:00Z","YES","https://www.redfin.com/AZ/Phoenix/3038-E-Marlette-Ave-85016/home/195026550"
"43 W Canterbury Ln",1135000,4,4,2917,"2025-04-28T07:00:00Z","YES","https://www.redfin.com/AZ/Phoenix/43-W-Canterbury-Ln-85023/home/28099195"
"2402 E Marshall Ave",1150000,4,3,2764,"2025-06-17T07:00:00Z","YES","https://www.redfin.com/AZ/Phoenix/2402-E-Marshall-Ave-85016/home/27589818"
"6525 N 3rd St",1165000,3,2,2402,"2025-06-20T07:00:00Z","YES","https://www.redfin.com/AZ/Phoenix/6525-N-3rd-St-85012/home/27213805"
"32207 N 56th Pl",1172500,4,3,2945,"2025-03-28T07:00:00Z","YES","https://www.redfin.com/AZ/Cave-Creek/32207-N-56th-Pl-85331/home/27368483"
"5209 N 25th Pl",1175000,2,2,1822,"2025-05-01T07:00:00Z","YES","https://www.redfin.com/AZ/Phoenix/5209-N-25th-Pl-85016/home/27986093"
"12415 N 65th St",1185000,0,3,2822,"2025-04-11T07:00:00Z","YES","https://www.redfin.com/AZ/Scottsdale/12415-N-65th-St-85254/home/27147016"
"4525 E Onyx Ave",1200000,4,2.5,2803,"2025-04-10T07:00:00Z","YES","https://www.redfin.com/AZ/Phoenix/4525-E-Onyx-Ave-85028/home/27218557"
"6529 E Eugie Ter",1225000,4,2.5,2199,"2025-06-18T07:00:00Z","YES","https://www.redfin.com/AZ/Scottsdale/6529-E-Eugie-Ter-85254/home/27409746"
"5829 W Alyssa Ln",1245000,4,4.5,3810,"2025-05-09T07:00:00Z","YES","https://www.redfin.com/AZ/Phoenix/5829-W-Alyssa-Ln-85083/home/28307012"
"5115 E Windrose Dr",1250000,4,2,2242,"2025-04-18T07:00:00Z","YES","https://www.redfin.com/AZ/Scottsdale/5115-E-Windrose-Dr-85254/home/27585935"
"15215 N Kierland Blvd #412",1300000,2,2,1420,"2025-05-15T07:00:00Z","YES","https://www.redfin.com/AZ/Scottsdale/15215-N-Kierland-Blvd-85254/unit-412/home/27151736"
"12401 N 65th St",1340000,0,4,2489,"2025-04-15T07:00:00Z","YES","https://www.redfin.com/AZ/Scottsdale/12401-N-65th-St-85254/home/27995647"
"58 W Wilshire Dr",1350000,4,3,2491,"2025-05-29T07:00:00Z","YES","https://www.redfin.com/AZ/Phoenix/58-W-Wilshire-Dr-85003/home/27874061"
"4570 E Calle Redonda",1350000,0,2,1614,"2025-03-31T07:00:00Z","YES","https://www.redfin.com/AZ/Phoenix/4570-E-Calle-Redonda-85018/home/27630518"
"12402 N 65th St",1385000,3,3,1900,"2025-06-10T07:00:00Z","YES","https://www.redfin.com/AZ/Scottsdale/12402-N-65th-St-85254/home/26992004"
"11835 N Blackheath Rd",1400000,0,6,3993,"2025-04-28T07:00:00Z","YES","https://www.redfin.com/AZ/Scottsdale/11835-N-Blackheath-Rd-85254/home/28298087"
"3920 E Covey Ln",1400000,5,4.5,3992,"2025-04-18T07:00:00Z","YES","https://www.redfin.com/AZ/Phoenix/3920-E-Covey-Ln-85050/home/28283639"
"2901 E Acoma Dr",1425000,5,4,3818,"2025-05-29T07:00:00Z","YES","https://www.redfin.com/AZ/Phoenix/2901-E-Acoma-Dr-85032/home/27435822"
"21612 N 60th Ter",1480000,4,4.5,3505,"2025-03-31T07:00:00Z","YES","https://www.redfin.com/AZ/Phoenix/21612-N-60th-Ter-85054/home/179260559"
"801 E Dunlap Ave #8",1495000,0,0,4178,"2025-05-30T07:00:00Z","YES","https://www.redfin.com/AZ/Phoenix/801-E-Dunlap-Ave-85020/unit-8/home/27800764"
"4510 E Calle Tuberia --",1499000,3,2,1529,"2025-06-11T07:00:00Z","YES","https://www.redfin.com/AZ/Phoenix/4510-E-Calle-Tuberia-85018/home/27439610"
"2925 E Highland Ave",1500000,0,3,2846,"2025-05-21T07:00:00Z","YES","https://www.redfin.com/AZ/Phoenix/2925-E-Highland-Ave-85016/home/27923498"
"7050 E Ann Way",1500000,2,3,2034,"2025-04-03T07:00:00Z","YES","https://www.redfin.com/AZ/Scottsdale/7050-E-Ann-Way-85254/home/28343661"
"4142 N 10th St",1532500,0,0,1950,"2025-03-27T07:00:00Z","YES","https://www.redfin.com/AZ/Phoenix/4142-N-10th-St-85014/home/27938170"
"4139 N 27th St",1550000,0,0,5084,"2025-05-20T07:00:00Z","YES","https://www.redfin.com/AZ/Phoenix/4139-N-27th-St-85016/home/27657458"
"15215 N Kierland Blvd #633",1550000,2,2,1636,"2025-04-04T07:00:00Z","YES","https://www.redfin.com/AZ/Scottsdale/15215-N-Kierland-Blvd-85254/unit-633/home/27640023"
"5468 E Cholla St",1600000,0,4,3584,"2025-05-07T07:00:00Z","YES","https://www.redfin.com/AZ/Scottsdale/5468-E-Cholla-St-85254/home/27433630"
"4601 E Fanfol Dr",1625000,4,2,2625,"2025-06-05T07:00:00Z","YES","https://www.redfin.com/AZ/Phoenix/4601-E-Fanfol-Dr-85028/home/28010770"
"510 E Woburn Ln",1658349,4,4.5,4124,"2025-06-11T07:00:00Z","YES","https://www.redfin.com/AZ/Phoenix/510-E-Woburn-Ln-85331/home/195022709"
"2238 E San Juan Ave",1685500,5,3.5,3630,"2025-05-02T07:00:00Z","YES","https://www.redfin.com/AZ/Phoenix/2238-E-San-Juan-Ave-85016/home/27521447"
"5335 N 26th St",1725000,3,2,2385,"2025-05-09T07:00:00Z","YES","https://www.redfin.com/AZ/Phoenix/5335-N-26th-St-85016/home/28186250"
"5501 E Camelback Rd",1742500,4,3,3650,"2025-04-15T07:00:00Z","YES","https://www.redfin.com/AZ/Phoenix/5501-E-Camelback-Rd-85018/home/27366953"
"22436 N 55th St",1830000,4,3,3264,"2025-05-15T07:00:00Z","YES","https://www.redfin.com/AZ/Phoenix/22436-N-55th-St-85054/home/28007443"
"4020 N 59th St",1850000,3,2.5,2065,"2025-05-27T07:00:00Z","YES","https://www.redfin.com/AZ/Phoenix/4020-N-59th-St-85018/home/27478385"
"670 E Woburn Ln",1851047,6,6,4124,"2025-06-06T07:00:00Z","YES","https://www.redfin.com/AZ/Phoenix/670-E-Woburn-Ln-85331/home/195012034"
"115 W Rose Ln",1883805,4,3,2897,"2025-05-15T07:00:00Z","YES","https://www.redfin.com/AZ/Phoenix/115-W-Rose-Ln-85013/home/27574126"
"3117 E Maryland Ave",1900000,3,3,2527,"2025-05-28T07:00:00Z","YES","https://www.redfin.com/AZ/Phoenix/3117-E-Maryland-Ave-85016/home/28220929"
"10019 N 56th St",2100000,5,3,2905,"2025-04-30T07:00:00Z","YES","https://www.redfin.com/AZ/Paradise-Valley/10019-N-56th-St-85253/home/28086951"
"620 W Mclellan Blvd",2160000,5,3.5,4086,"2025-03-31T07:00:00Z","YES","https://www.redfin.com/AZ/Phoenix/620-W-McLellan-Blvd-85013/home/27743768"
"16908 S 31st Ln",2215000,6,5,4676,"2025-04-29T07:00:00Z","YES","https://www.redfin.com/AZ/Phoenix/16908-S-31st-Ln-85045/home/28168475"
"1803 N 31st Pl",2300000,0,0,0,"2025-06-01T07:00:00Z","YES","https://www.redfin.com/AZ/Phoenix/1803-N-31st-Pl-85008/home/28093892"
"6342 E Hillcrest Blvd",2400000,0,4,3492,"2025-04-23T07:00:00Z","YES","https://www.redfin.com/AZ/Scottsdale/6342-E-Hillcrest-Blvd-85251/home/27599691"
"5331 E Rockridge Rd #63",2500000,0,0,0,"2025-05-20T07:00:00Z","YES","https://www.redfin.com/AZ/Phoenix/5331-E-Rockridge-Rd-85018/unit-63/home/195855409"
"7120 E Kierland Blvd #811",2775000,3,3,1712,"2025-06-02T07:00:00Z","YES","https://www.redfin.com/AZ/Scottsdale/7120-E-Kierland-Blvd-85254/unit-811/home/167638443"
"5000 N Camelback Ridge Rd #402",2790000,2,2.5,1789,"2025-05-16T07:00:00Z","YES","https://www.redfin.com/AZ/Scottsdale/5000-E-Camelback-Ridge-RD-85251/unit-402/home/193742121"
"6844 N 36th St",3600000,0,8,3714,"2025-03-31T07:00:00Z","YES","https://www.redfin.com/AZ/Phoenix/6844-N-36th-St-85018/home/26869831"
"3642 E Coolidge St",3780000,5,7,4650,"2025-06-10T07:00:00Z","YES","https://www.redfin.com/AZ/Phoenix/3642-E-Coolidge-St-85018/home/27690444"
"5000 E Camelback Ridge Rd #406",4225000,2,2.5,2710,"2025-05-09T07:00:00Z","NO (outlier)","https://www.redfin.com/AZ/Scottsdale/5000-N-Camelback-Ridge-Dr-85251/unit-406/home/179260067"
"4446 E Mockingbird Ln",6500000,3,3.5,4258,"2025-05-08T07:00:00Z","NO (outlier)","https://www.redfin.com/AZ/Paradise-Valley/4446-E-Mockingbird-Ln-85253/home/27531155"
"4915 N Ascent Dr",6546089,4,4.5,4600,"2025-05-20T07:00:00Z","NO (outlier)","https://www.redfin.com/AZ/Scottsdale/4915-N-Ascent-Dr-85251/home/177291588"
"5059 N Ascent Dr",11466089,4,4.5,8000,"2025-05-20T07:00:00Z","NO (outlier)","https://www.redfin.com/AZ/Scottsdale/5059-N-Ascent-Dr-85251/home/177291575"