address,price,beds,baths,sqft,lastSoldDate,included_in_baseline,url
"Cromwell Ave",65000,0,0,0,"2025-05-30T07:00:00Z","NO (outlier)","https://www.redfin.com/NY/Staten-Island/Cromwell-Ave-10305/home/56108941"
"122 Kingsley Ave",90000,0,0,1728,"2025-03-31T07:00:00Z","YES","https://www.redfin.com/NY/Staten-Island/122-Kingsley-Ave-10314/home/56133703"
"293 Raritan Ave",100000,0,0,1640,"2025-05-01T07:00:00Z","YES","https://www.redfin.com/NY/Staten-Island/293-Raritan-Ave-10305/home/56114340"
"35-49 83rd St Unit 2E",195000,0,1,0,"2025-04-08T07:00:00Z","YES","https://www.redfin.com/NY/Jackson-Heights/3549-83rd-St-11372/unit-2E/home/20658080"
"2055 E 1st St",200000,0,0,1248,"2025-06-13T07:00:00Z","YES","https://www.redfin.com/NY/Brooklyn/2055-E-1st-St-11223/home/40854176"
"81 Metropolitan Oval Unit 9D",219000,0,0,524,"2025-05-15T07:00:00Z","YES","https://www.redfin.com/NY/Bronx/81-Metropolitan-Oval-10462/unit-9D/home/44599979"
"559 W 185th St",237000,0,0,2440,"2025-04-04T07:00:00Z","YES","https://www.redfin.com/NY/New-York/559-W-185th-St-10033/home/45310723"
"65-74 Saunders St Unit 2B",290000,1,1,801,"2025-06-18T07:00:00Z","YES","https://www.redfin.com/NY/Rego-Park/6574-Saunders-St-11374/unit-2B/home/20655048"
"1583 Washington Ave",325000,0,0,1944,"2025-04-01T07:00:00Z","YES","https://www.redfin.com/NY/Bronx/1583-Washington-Ave-10457/home/44714549"
"69-10 Yellowstone Blvd #427",330000,1,1,1,"2025-04-01T07:00:00Z","YES","https://www.redfin.com/NY/Forest-Hills/6910-Yellowstone-Blvd-11375/unit-427/home/20630059"
"160 Devon Loop",330000,1,1,618,"2025-05-28T07:00:00Z","YES","https://www.redfin.com/NY/Staten-Island/160-Devon-Loop-10314/home/56082477"
"155 Wellbrook Ave",350000,0,0,1376,"2025-04-25T07:00:00Z","YES","https://www.redfin.com/NY/Staten-Island/155-Wellbrook-Ave-10314/home/56131664"
"650 Ave Of The Americas Unit 6G",387500,0,0,1089,"2025-05-21T07:00:00Z","YES","https://www.redfin.com/NY/New-York/650-Ave-Of-The-Americas-10011/unit-6G/home/45222269"
"1717 Putnam Ave",390000,0,0,5600,"2025-04-28T07:00:00Z","YES","https://www.redfin.com/NY/Ridgewood/1717-Putnam-Ave-11385/home/20887415"
"13220 Sanford Ave Unit 4F",400000,0,0,624,"2025-04-09T07:00:00Z","YES","https://www.redfin.com/NY/Flushing/13220-Sanford-Ave-11355/unit-4F/home/45109709"
"56 Pine St Unit 6E",400000,0,0,430,"2025-04-24T07:00:00Z","YES","https://www.redfin.com/NY/New-York/56-Pine-St-10005/unit-6E/home/45136385"
"8371 116th St Unit 6C",430000,0,0,577,"2025-04-24T07:00:00Z","YES","https://www.redfin.com/NY/Richmond-Hill/8371-116th-St-11418/unit-6C/home/20663365"
"22 Celebration Ln",445000,3,1.5,910,"2025-05-22T07:00:00Z","YES","https://www.redfin.com/NY/Staten-Island/22-Celebration-Ln-10304/home/56088984"
"16 E 132nd St Unit 2A",450000,0,0,0,"2025-06-03T07:00:00Z","YES","https://www.redfin.com/NY/New-York/16-E-132nd-St-10037/unit-2A/home/63689234"
"3390 Wayne Unit G62",450000,3,2,1750,"2025-05-13T07:00:00Z","YES","https://www.redfin.com/NY/Bronx/3390-Wayne-Ave-10467/unit-G62/home/194936102"
"3866 Laconia Ave",475000,0,0,644,"2025-06-03T07:00:00Z","YES","https://www.redfin.com/NY/Bronx/3866-Laconia-Ave-10469/home/44737035"
"189 Legion St",485000,6,4,2240,"2025-06-13T07:00:00Z","YES","https://www.redfin.com/NY/Brooklyn/189-Legion-St-11212/home/40753103"
"113 Brighton Ave",490000,0,0,1400,"2025-03-28T07:00:00Z","YES","https://www.redfin.com/NY/Staten-Island/113-Brighton-Ave-10301/home/56130457"
"764 Saint Johns Pl Unit 4C",515000,1,1,467,"2025-05-28T07:00:00Z","YES","https://www.redfin.com/NY/Brooklyn/764-Saint-Johns-Pl-11216/unit-4C/home/181246068"
"869 57th St #502",519307,0,0,827,"2025-06-05T07:00:00Z","YES","https://www.redfin.com/NY/Brooklyn/869-57th-St-11220/unit-502/home/170449654"
"216 Gordon St",520000,0,0,1500,"2025-04-09T07:00:00Z","YES","https://www.redfin.com/NY/Staten-Island/216-Gordon-St-10304/home/56137355"
"329 Van Name Ave",520900,0,0,1260,"2025-05-08T07:00:00Z","YES","https://www.redfin.com/NY/Staten-Island/329-Van-Name-Ave-10303/home/56108646"
"93 Cranford Ct",550000,2,1.5,780,"2025-05-01T07:00:00Z","YES","https://www.redfin.com/NY/Staten-Island/93-Cranford-Ct-10306/home/56101304"
"26 Pleasant Valley Ave",550000,0,0,1356,"2025-05-21T07:00:00Z","YES","https://www.redfin.com/NY/Staten-Island/26-Pleasant-Valley-Ave-10304/home/56130877"
"63 Gibson Ave",575000,2,1,2128,"2025-06-13T07:00:00Z","YES","https://www.redfin.com/NY/Staten-Island/63-Gibson-Ave-10308/home/56018607"
"74 Kell Ave",575000,3,2.25,1911,"2025-03-27T07:00:00Z","YES","https://www.redfin.com/NY/Staten-Island/74-Kell-Ave-10314/home/56076612"
"3720 Prince St Unit 6C",580000,2,1,791,"2025-05-20T07:00:00Z","YES","https://www.redfin.com/NY/Flushing/3720-Prince-St-11354/unit-6C/home/50217054"
"350 W 50th St Unit 21A",593400,0,0,417,"2025-04-22T07:00:00Z","YES","https://www.redfin.com/NY/New-York/350-W-50th-St-10019/unit-21A/home/45262064"
"29 Frederick St",595000,0,0,1600,"2025-04-01T07:00:00Z","YES","https://www.redfin.com/NY/Staten-Island/29-Frederick-St-10314/home/56081540"
"11533 145th St",595000,2,1,1180,"2025-04-28T07:00:00Z","YES","https://www.redfin.com/NY/Jamaica/11533-145th-St-11436/home/20715806"
"4146 Hampton St",600000,0,0,2088,"2025-04-23T07:00:00Z","YES","https://www.redfin.com/NY/Elmhurst/4146-Hampton-St-11373/home/20928053"
"2221 Boller Ave",600000,0,0,1800,"2025-05-01T07:00:00Z","YES","https://www.redfin.com/NY/Bronx/2221-Boller-Ave-10475/home/44765903"
"11146 205th St",610000,3,2,1,"2025-04-16T07:00:00Z","YES","https://www.redfin.com/NY/Saint-Albans/11146-205th-St-11412/home/20741990"
"3360 Shore Pkwy",610000,1,1.75,940,"2025-05-12T07:00:00Z","YES","https://www.redfin.com/NY/Brooklyn/3360-Shore-Pkwy-11235/home/40679118"
"1523 Royce St Unit 1I",610000,0,0,1018,"2025-05-13T07:00:00Z","YES","https://www.redfin.com/NY/Brooklyn/1523-Royce-St-11234/unit-1I/home/40657040"
"912 Cranford Ave",625000,0,0,1280,"2025-04-24T07:00:00Z","YES","https://www.redfin.com/NY/Bronx/912-Cranford-Ave-10466/home/44605866"
"30 E 37th St Unit 7G",640000,0,0,481,"2025-04-18T07:00:00Z","YES","https://www.redfin.com/NY/New-York/30-E-37th-St-10016/unit-7G/home/45190288"
"18 Calcagno Ct",650000,3,1.5,1935,"2025-04-23T07:00:00Z","YES","https://www.redfin.com/NY/Staten-Island/18-Calcagno-Ct-10314/home/56112038"
"42 W 120th St Unit 3A",675000,0,0,857,"2025-06-12T07:00:00Z","YES","https://www.redfin.com/NY/New-York/42-W-120th-St-10027/unit-3A/home/105844666"
"540 W 149th St #2",675000,0,0,632,"2025-05-15T07:00:00Z","YES","https://www.redfin.com/NY/New-York/540-W-149th-St-10031/unit-2/home/105886573"
"3207 Hering Ave",680000,0,0,2750,"2025-04-09T07:00:00Z","YES","https://www.redfin.com/NY/Bronx/3207-Hering-Ave-10469/home/44605194"
"54 Irving Pl",680000,0,0,1848,"2025-04-28T07:00:00Z","YES","https://www.redfin.com/NY/Staten-Island/54-Irving-Pl-10304/home/56109597"
"196 S 1st St Unit 6B",685000,0,0,400,"2025-04-15T07:00:00Z","YES","https://www.redfin.com/NY/Brooklyn/196-S-1st-St-11211/unit-6B/home/114699364"
"569 E 31st St",698000,0,0,1260,"2025-03-28T07:00:00Z","YES","https://www.redfin.com/NY/Brooklyn/569-E-31st-St-11210/home/40783285"
"232 E 47th St Unit 11A",710000,0,0,512,"2025-04-25T07:00:00Z","YES","https://www.redfin.com/NY/New-York/232-E-47th-St-10017/unit-11A/home/45279499"
"2427 Lorillard Pl",711000,0,0,2154,"2025-06-06T07:00:00Z","YES","https://www.redfin.com/NY/Bronx/2427-Lorillard-Pl-10458/home/44755215"
"178 Crystal St",735000,0,0,1272,"2025-04-28T07:00:00Z","YES","https://www.redfin.com/NY/Brooklyn/178-Crystal-St-11208/home/40765249"
"35 E 38th St Unit 1A",740000,0,0,443,"2025-03-31T07:00:00Z","YES","https://www.redfin.com/NY/New-York/35-E-38th-St-10016/unit-1A/home/45251878"
"194 Meserole St Unit 1A",750000,1,1.5,800,"2025-04-11T07:00:00Z","YES","https://www.redfin.com/NY/Brooklyn/194-Meserole-St-11206/unit-1A/home/40917892"
"2064 East 73rd St",753000,3,1.75,1064,"2025-06-17T07:00:00Z","YES","https://www.redfin.com/NY/Brooklyn/2064-E-73rd-St-11234/home/40899240"
"2680 Briggs Ave",775000,0,0,2523,"2025-04-17T07:00:00Z","YES","https://www.redfin.com/NY/Bronx/2680-Briggs-Ave-10458/home/44615894"
"512 E 29th St",790000,0,0,1364,"2025-04-11T07:00:00Z","YES","https://www.redfin.com/NY/Brooklyn/512-E-29th-St-11210/home/40789903"
"1641 3rd Ave Unit 31C",805000,0,0,793,"2025-05-27T07:00:00Z","YES","https://www.redfin.com/NY/New-York/1641-3rd-Ave-10128/unit-31C/home/45123531"
"8934 Gettysburg St",820000,0,0,1460,"2025-04-15T07:00:00Z","YES","https://www.redfin.com/NY/Bellerose/8934-Gettysburg-St-11426/home/20805275"
"215 W 95th St Unit 10F",820000,0,0,704,"2025-06-06T07:00:00Z","YES","https://www.redfin.com/NY/New-York/215-W-95th-St-10025/unit-10F/home/45275161"
"258 49th St",829873,0,0,2232,"2025-05-19T07:00:00Z","YES","https://www.redfin.com/NY/Brooklyn/258-49th-St-11220/home/40692679"
"613 Barretto St",831855,0,0,4200,"2025-06-05T07:00:00Z","YES","https://www.redfin.com/NY/Bronx/613-Barretto-St-10474/home/44741268"
"2218 Jackson Ave #206",840000,0,0,674,"2025-05-06T07:00:00Z","YES","https://www.redfin.com/NY/Long-Island-City/2218-Jackson-Ave-11101/unit-206/home/146895607"
"1139 E 59th St",850000,0,0,2660,"2025-05-07T07:00:00Z","YES","https://www.redfin.com/NY/Brooklyn/1139-E-59th-St-11234/home/40880138"
"323 Shepherd Ave",850000,0,0,2820,"2025-05-14T07:00:00Z","YES","https://www.redfin.com/NY/Brooklyn/323-Shepherd-Ave-11208/home/40296151"
"789 Elsmere Pl",850000,0,0,1568,"2025-04-08T07:00:00Z","YES","https://www.redfin.com/NY/Bronx/789-Elsmere-Pl-10460/home/44746286"
"60 8th St",850000,3,1.75,1400,"2025-05-02T07:00:00Z","YES","https://www.redfin.com/NY/Staten-Island/60-8th-St-10306/home/56093820"
"14415 97th Ave",850000,0,0,1699,"2025-05-06T07:00:00Z","YES","https://www.redfin.com/NY/Jamaica/14415-97th-Ave-11435/home/20758122"
"63 Pilot Ln",858000,2,2.5,2490,"2025-05-12T07:00:00Z","YES","https://www.redfin.com/NY/Staten-Island/63-Pilot-Ln-10309/home/56127329"
"13538 224th St",865000,0,0,1092,"2025-04-22T07:00:00Z","YES","https://www.redfin.com/NY/Laurelton/13538-224th-St-11413/home/20693140"
"150-32 8 Ave",865000,4,1,1300,"2025-03-28T07:00:00Z","YES","https://www.redfin.com/NY/Whitestone/15032-8th-Ave-11357/home/20867279"
"152 Joseph Ave",870000,0,0,2095,"2025-05-16T07:00:00Z","YES","https://www.redfin.com/NY/Staten-Island/152-Joseph-Ave-10314/home/56104207"
"1928 New York Ave",875000,0,0,1428,"2025-05-08T07:00:00Z","YES","https://www.redfin.com/NY/Brooklyn/1928-New-York-Ave-11210/home/28668509"
"69-71 Gibson Ave",875000,3,1.5,1248,"2025-06-13T07:00:00Z","YES","https://www.redfin.com/NY/Staten-Island/6971-Gibson-Ave-10308/home/196128163"
"8820 205th St",878000,0,0,1908,"2025-05-12T07:00:00Z","YES","https://www.redfin.com/NY/Hollis/8820-205th-St-11423/home/20751936"
"33 Natick St",900000,0,0,1032,"2025-05-14T07:00:00Z","YES","https://www.redfin.com/NY/Staten-Island/33-Natick-St-10306/home/56065884"
"4-19 121st St",911550,4,3,829,"2025-06-03T07:00:00Z","YES","https://www.redfin.com/NY/College-Point/4-19-121st-St-11356/home/189847278"
"240 51st Ave Unit 4E",915000,0,0,696,"2025-06-04T07:00:00Z","YES","https://www.redfin.com/NY/Long-Island-City/240-51st-Ave-11101/unit-4E/home/21689920"
"2066 Bay Ridge Pkwy",925000,4,1.5,1600,"2025-05-06T07:00:00Z","YES","https://www.redfin.com/NY/Brooklyn/2066-Bay-Ridge-Pkwy-11204/home/40824852"
"73-38 178th St",935000,3,2,1340,"2025-06-04T07:00:00Z","YES","https://www.redfin.com/NY/Fresh-Meadows/7338-178th-St-11366/home/20815211"
"54 Hull St",940000,5,3,0,"2025-06-18T07:00:00Z","YES","https://www.redfin.com/NY/Brooklyn/54-Hull-St-11233/home/40718104"
"865 United Nations Plz Unit 13C",945000,0,0,939,"2025-05-30T07:00:00Z","YES","https://www.redfin.com/NY/New-York/865-United-Nations-Plz-10017/unit-13C/home/45209600"
"1150 Huguenot Ave",955000,3,3,1559,"2025-05-07T07:00:00Z","YES","https://www.redfin.com/NY/Staten-Island/1150-Huguenot-Ave-10312/home/56096718"
"14449 Northern Blvd #620",964237,0,0,823,"2025-06-03T07:00:00Z","YES","https://www.redfin.com/NY/Flushing/14449-Northern-Blvd-11354/unit-620/home/192271250"
"92 Perry St #11",975000,0,0,418,"2025-04-25T07:00:00Z","YES","https://www.redfin.com/NY/New-York/92-Perry-St-10014/unit-11/home/45194352"
"4711 Jayson Ave",975000,3,1.5,1948,"2025-04-09T07:00:00Z","YES","https://www.redfin.com/NY/Great-Neck/4711-Jayson-Ave-11020/home/20581060"
"550 Vanderbilt Ave #618",980000,0,0,646,"2025-04-02T07:00:00Z","YES","https://www.redfin.com/NY/Brooklyn/550-Vanderbilt-Ave-11238/unit-618/home/115548604"
"14406 Coolidge Ave",990000,0,0,2033,"2025-04-30T07:00:00Z","YES","https://www.redfin.com/NY/Jamaica/14406-Coolidge-Ave-11435/home/20763809"
"13437 35th Ave Unit 8D",990000,0,0,855,"2025-04-08T07:00:00Z","YES","https://www.redfin.com/NY/Flushing/13437-35th-Ave-11354/unit-8D/home/173223102"
"2130 E 34th St",995000,0,0,2144,"2025-03-28T07:00:00Z","YES","https://www.redfin.com/NY/Brooklyn/2130-E-34th-St-11234/home/40903458"
"13512 120th St",995000,0,0,2500,"2025-05-14T07:00:00Z","YES","https://www.redfin.com/NY/South-Ozone-Park/13512-120th-St-11420/home/20716488"
"108-26 49th Ave",995000,5,4,2044,"2025-03-31T07:00:00Z","YES","https://www.redfin.com/NY/Corona/10826-49th-Ave-11368/home/20920156"
"42 Harris Ln",996000,4,3.25,2686,"2025-05-20T07:00:00Z","YES","https://www.redfin.com/NY/Staten-Island/42-Harris-Ln-10309/home/194402930"
"2614 93rd St",999000,0,0,1656,"2025-04-18T07:00:00Z","YES","https://www.redfin.com/NY/East-Elmhurst/2614-93rd-St-11369/home/20933695"
"320 Weirfield St",999000,0,0,2320,"2025-05-06T07:00:00Z","YES","https://www.redfin.com/NY/Brooklyn/320-Weirfield-St-11237/home/40750109"
"416 W 52nd St #417",999000,0,0,827,"2025-04-04T07:00:00Z","YES","https://www.redfin.com/NY/New-York/416-W-52nd-St-10019/unit-417/home/114435930"
"3123 97th St",1040000,0,0,1596,"2025-05-06T07:00:00Z","YES","https://www.redfin.com/NY/East-Elmhurst/3123-97th-St-11369/home/20929454"
"1305 Clay Ave",1080000,0,0,3192,"2025-05-29T07:00:00Z","YES","https://www.redfin.com/NY/Bronx/1305-Clay-Ave-10456/home/44726388"
"2315 44th Dr #907",1100000,0,0,704,"2025-05-23T07:00:00Z","YES","https://www.redfin.com/NY/Long-Island-City/2315-44th-Dr-11101/unit-907/home/175778122"
"190 Barlow Dr",1100000,4,1.5,1836,"2025-04-30T07:00:00Z","YES","https://www.redfin.com/NY/Brooklyn/190-Barlow-Dr-S-11234/home/40904688"
"1144 Longfellow Ave",1100000,0,0,3156,"2025-06-05T07:00:00Z","YES","https://www.redfin.com/NY/Bronx/1144-Longfellow-Ave-10459/home/44717288"
"1469 Teller Ave",1141000,0,0,3050,"2025-06-09T07:00:00Z","YES","https://www.redfin.com/NY/Bronx/1469-Teller-Ave-10457/home/44726423"
"135 W 70th St Unit 2D",1150000,0,0,888,"2025-06-06T07:00:00Z","YES","https://www.redfin.com/NY/New-York/135-W-70th-St-10023/unit-2D/home/45269182"
"3926 Murdock Ave",1150000,9,4,1804,"2025-04-16T07:00:00Z","YES","https://www.redfin.com/NY/Bronx/3926-Murdock-Ave-10466/home/44737864"
"583 Franklin Ave #4",1150000,0,0,916,"2025-05-28T07:00:00Z","YES","https://www.redfin.com/NY/Brooklyn/583-Franklin-Ave-11238/unit-4/home/142264391"
"812 Throggs Neck Expy",1165000,7,3,1301,"2025-05-07T07:00:00Z","YES","https://www.redfin.com/NY/Bronx/812-Throggs-Neck-Expy-10465/home/44750392"
"4125 Corporal Kennedy St",1180000,0,0,1732,"2025-04-03T07:00:00Z","YES","https://www.redfin.com/NY/Bayside/4125-Corporal-Kennedy-St-11361/home/20835174"
"638 E 86th St",1200000,0,0,2760,"2025-06-06T07:00:00Z","YES","https://www.redfin.com/NY/Brooklyn/638-E-86th-St-11236/home/40885257"
"6124 219th St",1200000,0,0,2308,"2025-04-28T07:00:00Z","YES","https://www.redfin.com/NY/Oakland-Gardens/6124-219th-St-11364/home/20807476"
"232 E 47th St Unit 25E",1225000,0,0,1040,"2025-04-24T07:00:00Z","YES","https://www.redfin.com/NY/New-York/232-E-47th-St-10017/unit-25E/home/45279572"
"10902 200th St",1235000,6,3,0,"2025-06-12T07:00:00Z","YES","https://www.redfin.com/NY/Saint-Albans/10902-200th-St-11412/home/20739870"
"497 12th St Unit 2B",1237000,0,0,725,"2025-05-12T07:00:00Z","YES","https://www.redfin.com/NY/Brooklyn/497-12th-St-11215/unit-2B/home/40641201"
"232 E 47th St Unit 21E",1250000,0,0,1040,"2025-05-19T07:00:00Z","YES","https://www.redfin.com/NY/New-York/232-E-47th-St-10017/unit-21E/home/45279542"
"7803 10th Ave",1290000,5,1.75,1888,"2025-06-23T07:00:00Z","YES","https://www.redfin.com/NY/Brooklyn/7803-10th-Ave-11228/home/40816456"
"3071 Villa Ave",1300000,0,0,2640,"2025-04-09T07:00:00Z","YES","https://www.redfin.com/NY/Bronx/3071-Villa-Ave-10468/home/44715854"
"1528 E 22nd St",1325000,0,0,1456,"2025-05-05T07:00:00Z","YES","https://www.redfin.com/NY/Brooklyn/1528-E-22nd-St-11210/home/40872842"
"624 E 26th St",1400000,0,0,4710,"2025-05-13T07:00:00Z","YES","https://www.redfin.com/NY/Brooklyn/624-E-26th-St-11210/home/40790548"
"522 Eastern Pkwy",1400000,6,3,3521,"2025-04-02T07:00:00Z","YES","https://www.redfin.com/NY/Brooklyn/522-Eastern-Pkwy-11225/home/40710221"
"123 3rd Ave Unit 3C",1430000,0,0,737,"2025-06-11T07:00:00Z","YES","https://www.redfin.com/NY/New-York/123-3rd-Ave-10003/unit-3C/home/45331178"
"429 Eastern Pkwy",1470000,0,0,3000,"2025-04-01T07:00:00Z","YES","https://www.redfin.com/NY/Brooklyn/429-Eastern-Pkwy-11216/home/40709623"
"212 E 57th St Unit 9A",1500000,0,0,1267,"2025-06-11T07:00:00Z","YES","https://www.redfin.com/NY/New-York/212-E-57th-St-10022/unit-9A/home/45192414"
"3979 Saxon Ave",1500000,0,0,1564,"2025-05-27T07:00:00Z","YES","https://www.redfin.com/NY/Bronx/3979-Saxon-Ave-10463/home/44714029"
"58 Strong Pl Unit 3H",1518000,0,0,1105,"2025-04-17T07:00:00Z","YES","https://www.redfin.com/NY/Brooklyn/58-Strong-Pl-11231/unit-3H/home/40921878"
"224 W 18th St Unit 6B",1540000,0,0,1193,"2025-05-19T07:00:00Z","YES","https://www.redfin.com/NY/New-York/224-W-18th-St-10011/unit-6B/home/45125412"
"2381 207th St",1560000,0,0,2100,"2025-05-22T07:00:00Z","YES","https://www.redfin.com/NY/Bayside/2381-207th-St-11360/home/20839240"
"8510 169th St",1585000,0,0,2887,"2025-05-12T07:00:00Z","YES","https://www.redfin.com/NY/Jamaica/8510-169th-St-11432/home/20765101"
"3716 Greenpoint Ave",1600000,5,4,0,"2025-05-13T07:00:00Z","YES","https://www.redfin.com/NY/Long-Island-City/3716-Greenpoint-Ave-11101/home/20961217"
"2315 44th Dr #505",1650000,0,0,931,"2025-06-10T07:00:00Z","YES","https://www.redfin.com/NY/Long-Island-City/2315-44th-Dr-11101/unit-505/home/175778042"
"204 Rathbun Ave",1650000,4,3.25,4536,"2025-03-28T07:00:00Z","YES","https://www.redfin.com/NY/Staten-Island/204-Rathbun-Ave-10312/home/56091420"
"28 E 10th St Unit 1K",1665000,0,0,826,"2025-06-03T07:00:00Z","YES","https://www.redfin.com/NY/New-York/28-E-10th-St-10003/unit-1K/home/45320193"
"7010 Eliot Ave",1665000,0,0,5804,"2025-05-01T07:00:00Z","YES","https://www.redfin.com/NY/Middle-Village/7010-Eliot-Ave-11379/home/20897643"
"1423 E 13th St",1675000,0,0,2480,"2025-05-12T07:00:00Z","YES","https://www.redfin.com/NY/Brooklyn/1423-E-13th-St-11230/home/40843938"
"922 40th St",1678000,8,4,2600,"2025-04-22T07:00:00Z","YES","https://www.redfin.com/NY/Brooklyn/922-40th-St-11219/home/179469243"
"236 E 6th St Unit 1E",1745000,0,0,1383,"2025-05-09T07:00:00Z","YES","https://www.redfin.com/NY/New-York/236-E-6th-St-10003/unit-1E/home/45242004"
"3911 Avenue P",1825000,0,0,2392,"2025-04-15T07:00:00Z","YES","https://www.redfin.com/NY/Brooklyn/3911-Avenue-P-11234/home/40881154"
"32 Fountain Ave",1850000,0,0,6713,"2025-04-11T07:00:00Z","YES","https://www.redfin.com/NY/Brooklyn/32-Fountain-Ave-11208/home/146398311"
"410 W 146th St",1850000,0,0,4400,"2025-06-03T07:00:00Z","YES","https://www.redfin.com/NY/New-York/410-W-146th-St-10031/home/45308975"
"2624 Avenue K",1990000,0,0,2058,"2025-04-11T07:00:00Z","YES","https://www.redfin.com/NY/Brooklyn/2624-Avenue-K-11210/home/40871023"
"22 E 129th St #3",1999000,0,0,3024,"2025-05-16T07:00:00Z","YES","https://www.redfin.com/NY/New-York/22-E-129th-St-10035/unit-3/home/45299954"
"96 Bay 17th St",1999000,6,4,3217,"2025-05-21T07:00:00Z","YES","https://www.redfin.com/NY/Brooklyn/96-Bay-17th-St-11214/home/40831578"
"101 Warren St Unit 9F",2025000,0,0,979,"2025-04-24T07:00:00Z","YES","https://www.redfin.com/NY/New-York/101-Warren-St-10007/unit-9F/home/45220593"
"435 16th St #8",2250000,0,0,7112,"2025-06-02T07:00:00Z","YES","https://www.redfin.com/NY/Brooklyn/435-16th-St-11215/unit-8/home/40704737"
"240 Warren St Unit B",2253000,0,0,1165,"2025-05-13T07:00:00Z","YES","https://www.redfin.com/NY/Brooklyn/240-Warren-St-11201/unit-B/home/40684862"
"844 44th St",2265000,12,5,3750,"2025-05-21T07:00:00Z","YES","https://www.redfin.com/NY/Brooklyn/844-44th-St-11220/home/40691508"
"160 Prospect Park W #4",2275000,0,0,1188,"2025-04-28T07:00:00Z","YES","https://www.redfin.com/NY/Brooklyn/160-Prospect-Park-W-11215/unit-4/home/108528165"
"52 Park Ave #17",2400000,0,0,2088,"2025-05-12T07:00:00Z","YES","https://www.redfin.com/NY/New-York/52-Park-Ave-10016/unit-17/home/45127176"
"119 Lefferts Pl",2400000,0,0,4000,"2025-04-10T07:00:00Z","YES","https://www.redfin.com/NY/Brooklyn/119-Lefferts-Pl-11238/home/40732990"
"556 Lafayette Ave",2600000,0,0,8800,"2025-05-28T07:00:00Z","YES","https://www.redfin.com/NY/Brooklyn/556-Lafayette-Ave-11205/home/40725852"
"265 State St #1401",2675000,0,0,1744,"2025-04-25T07:00:00Z","YES","https://www.redfin.com/NY/Brooklyn/265-State-St-11201/unit-1401/home/113613564"
"1 Prospect Park W Unit 4F",2775000,0,0,1596,"2025-05-02T07:00:00Z","YES","https://www.redfin.com/NY/Brooklyn/1-Prospect-Park-W-11215/unit-4F/home/172660132"
"130 Barrow St Ph 10",2800000,0,0,1103,"2025-03-27T07:00:00Z","YES","https://www.redfin.com/NY/New-York/130-Barrow-St-10014/unit-10/home/45245832"
"4662 Grosvenor Ave",2800000,0,0,4324,"2025-04-11T07:00:00Z","YES","https://www.redfin.com/NY/Bronx/4662-Grosvenor-Ave-10471/home/44763247"
"72 Poplar St Unit 2A",2995000,0,0,1577,"2025-06-11T07:00:00Z","YES","https://www.redfin.com/NY/Brooklyn/72-Poplar-St-11201/unit-2A/home/92328360"
"284 Clermont Ave",2998000,0,0,2052,"2025-05-27T07:00:00Z","YES","https://www.redfin.com/NY/Brooklyn/284-Clermont-Ave-11205/home/21635354"
"120 E 87th St Unit R16",3100000,0,0,1628,"2025-05-02T07:00:00Z","YES","https://www.redfin.com/NY/New-York/120-E-87th-St-10128/unit-R16/home/45292098"
"5 Sutton St",3343000,0,0,6488,"2025-04-28T07:00:00Z","YES","https://www.redfin.com/NY/Brooklyn/5-Sutton-St-11222/home/40741719"
"400 5th Ave Unit 44A",3485000,0,0,1637,"2025-06-11T07:00:00Z","YES","https://www.redfin.com/NY/New-York/400-5th-Ave-10018/unit-44A/home/45331846"
"10 Sullivan St Unit 3C",3577000,0,0,1269,"2025-05-22T07:00:00Z","YES","https://www.redfin.com/NY/New-York/10-Sullivan-St-10012/unit-3C/home/109654023"
"101 Warren St #810",3725000,0,0,2004,"2025-04-10T07:00:00Z","YES","https://www.redfin.com/NY/New-York/101-Warren-St-10007/unit-810/home/45220619"
"43 Wooster St Unit 3E",3825000,0,0,1948,"2025-06-03T07:00:00Z","YES","https://www.redfin.com/NY/New-York/43-Wooster-St-10013/unit-3E/home/45119896"
"260 Bowery #6",4540000,0,0,2022,"2025-05-14T07:00:00Z","YES","https://www.redfin.com/NY/New-York/260-Bowery-10012/unit-6/home/173424591"
"212 Warren St Unit 11L",4740000,0,0,2277,"2025-06-11T07:00:00Z","YES","https://www.redfin.com/NY/New-York/212-Warren-St-10282/unit-11L/home/109653743"
"614 3rd St",4750000,0,0,4152,"2025-05-07T07:00:00Z","YES","https://www.redfin.com/NY/Brooklyn/614-3rd-St-11215/home/40703834"
"7 Harrison St Unit 3N",5500000,0,0,2205,"2025-06-05T07:00:00Z","YES","https://www.redfin.com/NY/New-York/7-Harrison-St-10013/unit-3N/home/105885016"
"152 Elizabeth St Unit 3E",5600000,0,0,1968,"2025-06-03T07:00:00Z","YES","https://www.redfin.com/NY/New-York/152-Elizabeth-St-10012/unit-3E/home/114700497"
"40 Bleecker St Unit 9D",5825000,0,0,1634,"2025-05-08T07:00:00Z","YES","https://www.redfin.com/NY/New-York/40-Bleecker-St-10012/unit-9D/home/147301018"
"250 West St Unit 4D",5935600,0,0,2505,"2025-05-02T07:00:00Z","YES","https://www.redfin.com/NY/New-York/250-West-St-10013/unit-4D/home/53327665"
"115 W 57th St",6650000,0,0,8790,"2025-04-09T07:00:00Z","YES","https://www.redfin.com/NY/New-York/115-W-57th-St-10019/home/45260416"
"211 W 58th St",7000000,0,0,9270,"2025-05-16T07:00:00Z","YES","https://www.redfin.com/NY/New-York/211-W-58th-St-10019/home/45261410"
"109 Greene St Unit A",7000000,0,0,1953,"2025-04-25T07:00:00Z","YES","https://www.redfin.com/NY/New-York/109-Greene-St-10012/unit-A/home/45138075"
"48 E 73rd St",7550000,0,0,7280,"2025-05-21T07:00:00Z","YES","https://www.redfin.com/NY/New-York/48-E-73rd-St-10021/home/45283305"
"101 Warren St #3210",12000000,0,0,6366,"2025-06-13T07:00:00Z","YES","https://www.redfin.com/NY/New-York/101-Warren-St-10007/unit-3210/home/45221041"
"140 Franklin St",12600000,0,0,4165,"2025-04-09T07:00:00Z","YES","https://www.redfin.com/NY/New-York/140-Franklin-St-10013/home/45125625"
"443 Greenwich St Unit 5C",16500000,0,0,3227,"2025-05-07T07:00:00Z","NO (outlier)","https://www.redfin.com/NY/New-York/443-Greenwich-St-10013/unit-5C/home/112774685"
"88 Linden Blvd",28000000,0,0,60259,"2025-05-06T07:00:00Z","NO (outlier)","https://www.redfin.com/NY/Brooklyn/88-Linden-Blvd-11226/home/40785692"